hhcode,area_plntd,yield_pracr,Rev_pr_acr,district,location,childedu_level,sexhh,sexlnd_user,edulnd_user,eduhhh,Farming_occup,income,lnd_gradnt,land_soiltyp,soilfert,tenusys1,env_degrad,visdgrad1,penvcon1,cultv_lnd,prdctvy_condn,cropplntd_num,land_prep,mhplant,weed,certseed,labrdys_pr_ac,manur,fert,pestic,oxcart,tractor,waterdist,loan_appl,sav_accnt,farmasscoc_mbr,assoc_mbr,harvtime_dys,maizetyp,beantyp,maizeprx,beanprx,maizes_sldto,bean_sldto,Rev_or_Consump,mkt_dist,inputmkt_dist,prodtmkt_dist
1,5,3.05,1385,Inkalamu,Icipingila,4,       Male,       Female,       Primary,Primary,Secondary,15000,Gently sloping,Loam,Fair,Individual,Serious,Low vegetation cover,Tree planting,75,Decreasing,7,8,6,1,No,3,No,Yes,Yes,No,Yes,4,No,Yes,Yes,No,23,H614,Mwitemania,450,1000,General cereals traders,Others,Business,0,2,2
2,10,1.95,1075,Inkalamu,Icipingila,3,       Male,       Male,       Secondary,Secondary,Primary,15000,Gently sloping,Loam,Fair,Individual,Serious,Low vegetation cover,Tree planting,40,Decreasing,11,16,16,12,Yes,4.4,Yes,Yes,Yes,No,Yes,4,No,Yes,Yes,Yes,10,Local,Rosecoco,500,1000,Others,Others,Business,0,3,3
3,3,3.23,1500,Inkalamu,Icipingila,3,Male,       Male,       None,None,Primary,8000,Gently sloping,Loam,Fair,Individual,Serious,Low vegetation cover,Intercropping,60,Decreasing,6,3,4,10,No,5.67,Yes,No,Yes,No,Yes,4,No,Yes,Yes,Yes,18,H614,Wairimu,500,0,General cereals traders,Not sold,Business,0,1.5,1.5
5,4.5,3.44,2455.56,Inkalamu,Icipingila,3,       Male,       Male,       Secondary,None,Primary,8000,Gently sloping,Loam,Fair,Individual,Serious,Low vegetation cover,Intercropping,23,Decreasing,23,8,5,1,No,3.11,No,Yes,Yes,Yes,Yes,3,Yes,Yes,Yes,Yes,7,H614,Rosecoco,500,2000,General cereals traders,General cereals traders,Business,0,4,4
6,4,2.33,1433.75,Inkalamu,Icipingila,9,       Female,       Male,       Primary,Primary,Primary,8000,Gently sloping,Loam,Fair,Individual,Minor,Low vegetation cover,Intercropping,75,Decreasing,23,6,6,0,No,3,Yes,No,Yes,,,0,No,Yes,Yes,Yes,28,H614,Mwitemania,450,2000,General cereals traders,Others,Business,0,5,5
7,4,1.5,1062.5,Inkalamu,Icipingila,0,       Female,       Female,       Primary,None,Primary,8000,Gently sloping,Sandy clay,Fair,Individual,Minor,Low vegetation cover,Intercropping,80,Decreasing,23,6,5,1,No,3,No,No,No,No,Yes,4,No,No,No,No,20,PH1 Paner,Mwitemania,450,2000,General cereals traders,Others,Business,0,5,5
8,10,1.55,775,Inkalamu,Icipingila,3,       Female,       Female,       Secondary,None,Primary,8000,Gently sloping,Sandy clay,Fair,Individual,Minor,Low vegetation cover,Intercropping,80,Decreasing,46,6,7,1,No,1.4,No,No,No,No,,4,No,No,No,No,22,H614,Mwitemania,450,2000,General cereals traders,Others,Business,0,6,6
9,4,3.56,2193.75,Inkalamu,Icipingila,3,       Male,       Male,       None,None,Primary,8000,Gently sloping,Sandy clay,Fair,Individual,Minor,Low vegetation cover,Intercropping,80,Decreasing,23,5,5,1,No,2.75,No,No,No,No,Yes,4,No,No,No,No,25,H614,Mwitemania,450,1800,General cereals traders,General cereals traders,Business,0,5.5,5.5
10,10,2.16,1208,Inkalamu,Icipingila,6,       Male,       Male,       Secondary,Secondary,Secondary,8000,Gently sloping,Loam,Fair,Individual,Minor,Low vegetation cover,Intercropping,90,Decreasing,38,2,12,1,Yes,1.5,No,Yes,Yes,No,Yes,4,No,Yes,Yes,Yes,33,H614,Rosecoco,500,1300,General cereals traders,General cereals traders,Business,0,6,6
11,6,1.63,781.25,Inkalamu,Icipingila,1,       Male,       Male,       Primary,Primary,Primary,8000,Gently sloping,Sandy clay,Fair,Individual,Minor,Low vegetation cover,Intercropping,80,Decreasing,23,3,5,1,No,1.5,Yes,No,Yes,No,,4,No,No,Yes,Yes,27,Local,Mwitemania,400,1450,Others,Others,Business,0,7,7
12,4,2.44,1162.5,Inkalamu,Icipingila,0,       Female,       Female,       Primary,None,Primary,8000,Gently sloping,Loam,Fair,Individual,Minor,Low vegetation cover,Intercropping,80,Decreasing,4,6,5,1,No,3,No,No,No,No,Yes,,No,No,No,No,,Local,Mwitemania,400,1400,Others,Others,Business,0,8,8
13,23,0,0,Inkalamu,Icipingila,3,       Female,       Male,       University,Secondary,Secondary,15000,Gently sloping,Loam,Fair,Individual,Minor,Low vegetation cover,Intercropping,95,Increasing,24,9,1.5,2,Yes,0.54,No,Yes,No,No,Yes,,No,Yes,Yes,Yes,,,,,,,,None,,4,4
14,0,0,0,Inkalamu,Icipingila,3,       Male,       Male,       University,University,None,30000,Gently sloping,Loam,Fair,Individual,Minor,Low vegetation cover,Fallowing,98,Decreasing,15,0,0,0,Yes,0,Yes,Yes,Yes,No,Yes,,No,Yes,Yes,Yes,,,,,,,,None,,6,6
15,3,2.67,1233.33,Inkalamu,Icipingila,3,       Female,       Female,       None,None,Primary,8000,Gently sloping,Sandy clay,Fair,Individual,Minor,Bare soil,Intercropping,80,Decreasing,2,3,6,1,Yes,3.33,Yes,No,No,No,Yes,,No,Yes,Yes,Yes,22,Local,Wairimu,400,1400,Others,Others,Business,0,3,3
16,7,2.79,1575,Inkalamu,Icipingila,2,       Female,       Female,       College,Primary,Primary,8000,Gently sloping,Loam,Fair,Individual,Serious,Low vegetation cover,Terracing,90,Decreasing,6,4,5,1,Yes,1.43,No,Yes,Yes,No,Yes,,No,Yes,Yes,Yes,36,"H625, H626, H627",Rosecoco,500,1350,General cereals traders,General cereals traders,Business,0,4,4
17,4,2.06,1106.25,Inkalamu,Icipingila,1,       Female,       Male,       Primary,None,Primary,3000,Gently sloping,Clay,Fair,Individual,Serious,Low vegetation cover,Intercropping,80,Decreasing,23,4,5,1,No,2.5,No,No,No,No,Yes,,No,No,No,No,22,Local,Mwitemania,450,1400,Others,Others,Business,0,3.5,3.5
18,16,0.75,379.69,Inkalamu,Icipingila,3,       Male,       Male,       College,Secondary,Primary,8000,Steep slope,Sandy clay,Poor,Individual,Serious,Low vegetation cover,Tree planting,66,Decreasing,2,8,1,2,Yes,0.69,No,Yes,Yes,No,Yes,,No,Yes,Yes,Yes,42,H614,Mwitemania,450,1350,Others,Others,Business,0,4,4
19,4,1.38,718.75,Inkalamu,Icipingila,0,       Female,       Male,       Primary,None,Primary,3000,Gently sloping,Sandy clay,Very good,Individual,Minor,Low vegetation cover,Intercropping,80,Decreasing,3,0,0,0,No,0,No,No,No,No,Yes,,No,No,No,No,22,Local,Mwitemania,450,1250,Others,Others,Business,0,2.5,2.5
20,0,2.13,1268,Inkalamu,Icipingila,0,       Male,       Male,       Primary,Primary,Secondary,3000,Gently sloping,Sandy clay,Fair,Individual,Serious,Low vegetation cover,Intercropping,60,Decreasing,4,2,2,1,No,0,Yes,No,Yes,No,Yes,,No,No,No,No,28,Local,Rosecoco,500,2000,Others,Others,Business,0,6,6
21,4,1.38,812.5,Inkalamu,Icipingila,1,       Female,       Female,       None,None,Primary,3000,Gently sloping,Clay,Fair,Individual,Serious,Low vegetation cover,Terracing,80,Decreasing,2,22,8,2,No,8,No,No,No,No,No,,No,No,No,No,,Local,Mwitemania,450,2000,Others,Others,Business,0,7,7
22,0,0,0,Inkalamu,Icipingila,6,       Male,       Male,       Secondary,Secondary,Secondary,8000,Gently sloping,Sandy clay,Fair,Individual,Serious,Low vegetation cover,Fallowing,5,Decreasing,0,0,0,0,No,0,No,No,No,No,No,0,No,Yes,Yes,Yes,,,,,,,,None,,9,9
23,6,2.36,1295.08,Inkalamu,Icipingila,0,       Male,       Male,       Primary,Primary,Primary,8000,Gently sloping,Clay,Fair,Individual,Serious,Low vegetation cover,Intercropping,66,Decreasing,2,34,1,3,Yes,6.33,No,Yes,No,No,No,,No,No,No,No,40,Local,Mwitemania,500,1350,General cereals traders,Others,Business,0,8,8
24,1,4.63,2682,Inkalamu,Icipingila,5,       Male,       Male,       Primary,Primary,Primary,8000,Gently sloping,Clay,Fair,Individual,Serious,Low vegetation cover,Intercropping,80,Decreasing,1,5,1,3,No,9,No,Yes,No,No,Yes,,No,No,No,No,32,Local,Mwitemania,450,1400,General cereals traders,Others,Business,0,7.5,7.5
25,1,3.3,1350,Inkalamu,Icipingila,5,       Male,       Male,       Primary,Primary,Primary,3000,Gently sloping,Sandy clay,Fair,Individual,Serious,Low vegetation cover,Intercropping,70,Decreasing,0,34,1,2,No,37,No,No,No,No,No,,No,No,No,No,30,Local,Mwitemania,450,0,Others,Not sold,Business,0,7,7
26,1,4.55,2760,Inkalamu,Icipingila,0,       Male,       Male,       None,None,Primary,8000,Gently sloping,Clay,Fair,Individual,Serious,Low vegetation cover,Intercropping,80,Decreasing,3,5,1,3,Yes,9,No,Yes,No,No,Yes,,No,No,No,No,34,Local,Wairimu,450,1400,General cereals traders,Others,Business,0,7,7
27,0,0.73,330,Inkalamu,Icipingila,0,       Male,       Male,       Primary,Primary,Primary,3000,Gently sloping,Loam,Fair,Individual,Serious,Low vegetation cover,Intercropping,60,Decreasing,2,2,3,1,No,0,No,No,No,No,Yes,,No,No,No,No,11,Local,Rosecoco,500,0,Others,Not sold,Business,0,6.5,6.5
28,0,1.93,900,Inkalamu,Icipingila,3,       Male,       Male,       Primary,Primary,Primary,8000,Gently sloping,Clay,Fair,Individual,Serious,Low vegetation cover,Intercropping,60,Decreasing,2,21,1,2,No,0,Yes,No,No,No,No,,No,No,No,No,23,Local,Mwitemania,500,0,General cereals traders,Not sold,Business,0,6,6
29,3,3.56,1634.83,Inkalamu,Icipingila,4,       Male,       Male,       Primary,Primary,Primary,3000,Gently sloping,Clay,Fair,Individual,Serious,Low vegetation cover,Intercropping,60,Decreasing,1,18,1,1,No,6.67,No,No,No,No,Yes,,No,No,No,No,25,Local,Rosecoco,400,1350,General cereals traders,Others,Business,0,6,6
30,3,3.32,1395,Inkalamu,Icipingila,4,       Male,       Male,       Primary,Primary,Primary,3000,Gently sloping,Clay,Fair,Individual,Serious,Low vegetation cover,Intercropping,60,Decreasing,1,18,1,1,No,6.67,No,No,No,No,No,2,No,No,No,No,24,Local,Mwitemania,450,0,Others,Not sold,Business,0,6,6
31,3,3.56,1646,Inkalamu,Icipingila,0,       Male,       Male,       Primary,Primary,Primary,3000,Gently sloping,Clay,Fair,Individual,Serious,Low vegetation cover,Intercropping,60,Decreasing,2,18,1,1,Yes,6.67,No,Yes,No,No,No,,No,No,No,No,24,Local,Rosecoco,400,1400,General cereals traders,Others,Business,0,6.5,6.5
32,4,2.06,1200,Inkalamu,Icipingila,0,       Female,       Female,       None,None,Primary,3000,Gently sloping,Sandy clay,Fair,Individual,Serious,Low vegetation cover,Intercropping,80,Decreasing,2,19,1,1,Yes,5.25,No,Yes,,No,No,,No,No,No,No,22,Local,Rosecoco,500,1400,General cereals traders,Others,Business,0,1,1
33,5,0.65,482,Inkalamu,Icipingila,0,       Female,       Female,       Primary,Primary,Primary,3000,Gently sloping,Clay,Fair,Individual,Serious,Low vegetation cover,Intercropping,42,Decreasing,3,5,1,1,No,1.4,No,No,No,No,No,,No,No,No,No,6,Local,Mwitemania,500,2000,Others,Others,Business,0,1.5,1.5
34,4,1.38,562.5,Inkalamu,Icipingila,0,       Male,       Male,       Primary,Primary,Primary,3000,Gently sloping,Sandy clay,Fair,Individual,Serious,Low vegetation cover,Intercropping,80,Decreasing,3,28,1,2,Yes,7.75,No,Yes,No,No,No,2,No,No,No,No,20,Local,Wairimu,450,0,Others,Not sold,Business,0,1.8,1.8
35,1.5,2.55,0,Inkalamu,Icipingila,1,       Female,       Female,       None,None,Primary,3000,Gently sloping,Clay,Fair,Individual,Serious,Low vegetation cover,Intercropping,60,Decreasing,2,6,1,1,No,5.33,No,No,No,No,No,,No,No,No,No,7,Local,Mwitemania,0,0,Not sold,Not sold,Consumption,0,1.8,1.8
36,4,6,3056.25,Inkalamu,Icipingila,3,       Male,       Male,       Primary,Primary,Secondary,8000,Gently sloping,Loam,Fair,Individual,Serious,Low vegetation cover,Intercropping,80,Decreasing,2,4,1,2,Yes,1.75,No,Yes,No,No,Yes,,No,No,No,No,22,H614,Rosecoco,450,1400,General cereals traders,Others,Business,0,2,2
37,4,5.5,2700,Inkalamu,Icipingila,0,       Male,       Male,       Primary,Primary,Secondary,3000,Steep slope,Sandy clay,Fair,Individual,Serious,Low vegetation cover,Intercropping,80,Decreasing,2,10,10,12,No,8,No,No,No,No,No,,No,No,No,No,25,Local,Mwitemania,400,1400,Others,Others,Business,0,2,2
38,4,5.25,2868.75,Inkalamu,Icipingila,0,       Male,       Male,       Primary,None,Primary,3000,Steep slope,Sandy clay,Fair,Individual,Serious,Low vegetation cover,Intercropping,80,Decreasing,3,3,2,7,Yes,3,No,No,No,No,Yes,,No,No,No,No,34,H614,Mwitemania,450,1350,General cereals traders,Others,Business,0,5,5
39,3,6.89,3000,Inkalamu,Icipingila,1,       Male,       Male,       Primary,Primary,Secondary,3000,Gently sloping,Clay,Fair,Individual,Serious,Low vegetation cover,Intercropping,60,Decreasing,3,20,1,11,Yes,10.67,No,Yes,No,No,No,,No,Yes,Yes,No,18,H614,Rosecoco,450,0,Others,Not sold,Business,0,3,3
40,4,1.38,562.5,Inkalamu,Icipingila,0,       Male,       Male,       Primary,Primary,Secondary,3000,Gently sloping,Sandy clay,Fair,Individual,Serious,Low vegetation cover,Intercropping,80,Decreasing,2,4,6,11,Yes,5.25,No,Yes,No,No,Yes,,No,No,No,No,26,H614,Mwitemania,450,0,Others,Not sold,Business,0,1.5,1.5
41,4.5,2,600,Inkalamu,Icipingila,2,       Female,       Female,       None,None,Secondary,70000,Gently sloping,Loam,Good,Individual,Serious,Low vegetation cover,Fallowing,75,Increasing,2,2,16,23,Yes,9.11,Yes,Yes,No,No,Yes,0.1,No,Yes,No,Yes,34,"H625, H626, H627",Rosecoco,0,1800,Not sold,General cereals traders,Business,1,1,1
42,1.5,9.33,5247.33,Inkalamu,Icipingila,0,       Male,       Male,       College,College,Secondary,200000,Gently sloping,Rocky,Fair,Individual,Serious,Low vegetation cover,Terracing,75,Increasing,4,0,8,8,Yes,10.67,No,Yes,Yes,No,Yes,0.5,Yes,Yes,Yes,Yes,32,"H625, H626, H627",Rosecoco,500,1800,General cereals traders,General cereals traders,Business,1.8,1.8,1.8
43,3,2.79,1116.67,Inkalamu,Icipingila,5,       Male,       Male,       Primary,Primary,Primary,30000,Flat,Clay,Fair,Individual,Serious,Low vegetation cover,Fallowing,60,Decreasing,8,0,15,20,No,11.67,Yes,Yes,No,No,Yes,1.5,No,No,No,No,37,H614,Rosecoco,500,0,General cereals traders,Not sold,Business,1.5,1.5,1.5
44,3,3.77,1666.67,Inkalamu,Icipingila,0,       Male,       Male,       None,None,Primary,15000,Flat,Loam,Good,Individual,Serious,Low vegetation cover,Intercropping,25,Decreasing,9,0,10,15,No,8.33,Yes,Yes,No,No,Yes,,No,No,No,No,98,"H625, H626, H627",Rosecoco,500,0,General cereals traders,Not sold,Business,0,2,2
45,2,5.75,3812.5,Inkalamu,Icipingila,0,       Male,       Male,       Primary,Primary,Primary,15000,Flat,Loam,Good,Individual,Minor,Low vegetation cover,Intercropping,100,Decreasing,4,0,6,10,No,8,Yes,No,No,No,Yes,0.1,No,No,No,No,40,"H625, H626, H627",Rosecoco,500,1750,General cereals traders,General cereals traders,Business,2,2,2
46,2,5,3937.5,Inkalamu,Icipingila,6,       Male,       Male,       Primary,Primary,Primary,70000,Gently sloping,Loam,Fair,Individual,Serious,Low vegetation cover,Grass strips,80,Decreasing,10,0,7,10,No,8.5,Yes,Yes,No,No,No,0.5,No,No,No,No,61,"H625, H626, H627",Rosecoco,450,1800,Co-operative,Co-operative,Business,2,2,2
47,1,4.8,0,Inkalamu,Icipingila,1,       Female,       Female,       None,None,Primary,30000,Gently sloping,Loam,Fair,Individual,Minor,Low vegetation cover,Tree planting,100,Decreasing,3,0,3,5,No,8,No,No,No,No,Yes,0.1,No,No,No,No,9,H614,Rosecoco,0,0,Not sold,Not sold,Consumption,0,2.5,2.5
48,2,10.44,5748,Inkalamu,Icipingila,9,       Male,       Male,       Primary,Primary,Secondary,30000,Gently sloping,Loam,Fair,Individual,Serious,Low vegetation cover,Fallowing,66,Decreasing,9,0,7,10,Yes,8.5,Yes,Yes,Yes,No,Yes,,No,No,No,No,48,"H625, H626, H627",Rosecoco,500,1700,General cereals traders,General cereals traders,Business,3,3,3
49,6,1.95,1117.67,Inkalamu,Icipingila,8,       Male,       Male,       Primary,Primary,Primary,70000,Gently sloping,Clay,Fair,Individual,Serious,Sheet erosion,Grass strips,60,Decreasing,7,0,21,30,No,8.5,Yes,Yes,No,No,Yes,0.2,No,No,No,No,75,"H625, H626, H627",Mwitemania,500,1800,General cereals traders,General cereals traders,Business,0,3.5,3.5
50,1,21,18300,Inkalamu,Icipingila,4,       Female,       Female,       None,None,Primary,30000,Steep slope,Loam,Good,Individual,Minor,Sheet erosion,Grass strips,66,Decreasing,6,0,3,5,Yes,8,No,Yes,No,No,Yes,0.15,No,No,No,No,20,"H625, H626, H627",Mwitemania,500,1800,General cereals traders,General cereals traders,Business,3.6,3.6,3.6
51,9,1.31,766.67,Inkalamu,Icipingila,3,       Male,       Male,       Primary,Primary,Secondary,70000,Steep slope,Loam,Good,Individual,Minor,Sheet erosion,Tree planting,60,Increasing,7,0,32,45,No,8.56,No,Yes,No,No,No,0.1,No,No,No,No,65,"H625, H626, H627",Rosecoco,500,1750,General cereals traders,General cereals traders,Business,0,3.6,3.6
52,5,3.44,2032,Inkalamu,Icipingila,2,       Male,       Male,       Primary,Primary,Secondary,30000,Steep slope,Loam,Good,Individual,Serious,Low vegetation cover,Fallowing,66,Decreasing,5,0,18,25,No,8.6,No,Yes,No,No,No,0.15,No,Yes,No,No,89,"H625, H626, H627",Rosecoco,500,1800,General cereals traders,General cereals traders,Business,0,3.7,3.7
53,2,5.88,3205,Inkalamu,Icipingila,0,       Male,       Male,       Secondary,Secondary,Primary,30000,Steep slope,Loam,Good,Individual,Minor,Sheet erosion,Tree planting,85,Decreasing,1,0,7,10,Yes,8.5,Yes,Yes,Yes,No,Yes,6,No,,,Yes,33,H614,Rosecoco,460,1800,General cereals traders,General cereals traders,Business,0,3,3
54,2,8.5,6050,Inkalamu,Icipingila,9,       Female,       Female,       None,None,Primary,30000,Steep slope,Loam,Fair,Individual,Serious,Sheet erosion,Tree planting,25,Decreasing,1,0,7,10,No,8.5,Yes,Yes,No,No,Yes,0.6,No,No,,Yes,43,H614,Rosecoco,500,1700,General cereals traders,General cereals traders,Business,0,3,3
55,2.5,7.2,4560,Inkalamu,Icipingila,2,       Male,       Male,       Primary,Primary,None,70000,Steep slope,Loam,Fair,Individual,Serious,Sheet erosion,Tree planting,33,Decreasing,1,0,9,13,No,8.8,Yes,Yes,No,No,Yes,0.1,No,Yes,No,No,50,"H625, H626, H627",Rosecoco,500,1700,General cereals traders,General cereals traders,Business,0,3.6,3.6
56,5,5.1,3200,Inkalamu,Icipingila,0,       Male,       Male,       College,College,Secondary,150000,Gently sloping,Loam,Good,Individual,Serious,Low vegetation cover,Tree planting,66,Increasing,2,0,8,13,Yes,4.2,Yes,Yes,Yes,No,Yes,0.5,Yes,Yes,Yes,Yes,42,"H625, H626, H627",Rosecoco,500,1800,General cereals traders,General cereals traders,Business,0,3.7,3.7
57,5,3.6,2580,Inkalamu,Icipingila,2,       Male,       Male,       College,College,Secondary,70000,Flat,Most sand,Very good,Individual,Serious,Low vegetation cover,Grass strips,50,Decreasing,8,0,15,25,Yes,8,Yes,Yes,Yes,No,Yes,0.15,Yes,Yes,No,Yes,120,"H625, H626, H627",Rosecoco,500,1800,General cereals traders,General cereals traders,Business,5,5,5
58,5.5,2.33,1825.45,Inkalamu,Icipingila,1,       Male,       Male,       Secondary,Secondary,Secondary,70000,Gently sloping,Loam,Fair,Individual,Serious,Low vegetation cover,Tree planting,80,Decreasing,9,0,25,174,Yes,36.18,Yes,Yes,Yes,No,Yes,1,No,Yes,,Yes,54,H614,Rosecoco,500,1800,General cereals traders,General cereals traders,Business,6,6,6
59,2,11.5,7200,Inkalamu,Icipingila,0,       Male,       Male,       Primary,Primary,Secondary,15000,Steep slope,Loam,Fair,Individual,Minor,Shallow gullies,Fallowing,80,Decreasing,4,0,7,10,No,8.5,No,Yes,No,No,Yes,0.3,No,No,,Yes,76,"H625, H626, H627",Rosecoco,450,1800,General cereals traders,General cereals traders,Business,6,6,6
60,20,1.15,785,Inkalamu,Icipingila,10,       Male,       Male,       University,University,Primary,150000,Flat,Loam,Fair,Individual,Serious,Low vegetation cover,Tree planting,80,Decreasing,6,0,15,100,Yes,5.75,Yes,Yes,Yes,No,Yes,0.2,No,,No,No,100,"H625, H626, H627",Rosecoco,500,1900,General cereals traders,General cereals traders,Business,5.5,5.5,5.5
61,1.5,8,5600,Inkalamu,Icipingila,1,       Female,       Female,       None,None,Primary,15000,Flat,Loam,Fair,Individual,Serious,Low vegetation cover,,66,Decreasing,5,0,3,7,No,6.67,Yes,Yes,No,No,No,0.1,No,No,No,No,,"H625, H626, H627",Rosecoco,500,1700,General cereals traders,General cereals traders,Business,5.5,5.5,5.5
62,0,0,0,Inkalamu,Icipingila,0,       Male,       Male,       None,None,None,15000,Flat,Loam,Fair,Individual,Minor,Bare soil,None,0,,0,0,0,0,,0,,,,,,0.2,No,No,No,No,,,,,,,,None,,5.6,5.6
63,5,4.6,2960,Inkalamu,Icipingila,5,       Male,       Male,       None,None,Primary,30000,Steep slope,Rocky,Fair,Individual,Serious,Low vegetation cover,Intercropping,80,Decreasing,7,0,9,25,Yes,6.8,Yes,Yes,Yes,No,Yes,1,No,No,No,Yes,26,H614,Rosecoco,500,1600,General cereals traders,General cereals traders,Business,5.8,7,7
64,1.25,10.88,6848,Inkalamu,Icipingila,0,       Male,       Male,       Primary,Primary,Primary,15000,Gently sloping,Loam,Good,Individual,Minor,Sheet erosion,Tree planting,100,Decreasing,2,0,0,0,No,0,No,Yes,No,No,Yes,1,No,No,No,Yes,14,H614,"Royal, Canadian wonder",500,1600,General cereals traders,General cereals traders,Business,7,7.2,7.2
65,4,4.5,3150,Inkalamu,Icipingila,2,       Male,       Male,       Primary,Primary,Primary,70000,Gently sloping,Rocky,Fair,Individual,Serious,Low vegetation cover,Tree planting,66,Decreasing,3,0,8,20,No,7,No,Yes,No,No,No,3,No,No,No,Yes,96,"H625, H626, H627",Rosecoco,500,1700,General cereals traders,General cereals traders,Business,7.5,7.5,7.5
66,3.5,5.29,3823.14,Inkalamu,Icipingila,0,       Male,       Male,       College,College,Secondary,70000,Steep slope,Rocky,Fair,Individual,Minor,Sheet erosion,Tree planting,66,Decreasing,10,0,10,15,Yes,7.14,Yes,Yes,No,No,Yes,2,Yes,Yes,Yes,Yes,86,"H625, H626, H627",Rosecoco,500,1700,General cereals traders,General cereals traders,Business,7.6,7.6,7.6
67,2,11,8100,Inkalamu,Icipingila,1,       Male,       Male,       Primary,Primary,Primary,70000,Flat,Loam,Good,Individual,Serious,Low vegetation cover,Fallowing,50,Decreasing,10,0,7,10,Yes,8.5,Yes,Yes,No,No,Yes,2,No,,No,Yes,52,"H625, H626, H627",Rosecoco,500,1800,General cereals traders,General cereals traders,Business,7.8,7.8,7.8
68,0.5,16,7000,Inkalamu,Icipingila,0,       Male,       Male,       None,None,Primary,15000,Steep slope,Loam,Good,Individual,Minor,Sheet erosion,Fallowing,10,Decreasing,6,0,2,8,No,20,No,No,No,No,Yes,2,No,,No,No,16,H614,Rosecoco,500,0,General cereals traders,Not sold,Business,7.5,7.5,7.5
69,1,22,10720,Inkalamu,Icipingila,2,       Male,       Male,       Primary,Primary,Primary,15000,Steep slope,Loam,Good,Individual,Serious,Low vegetation cover,Grass strips,75,Decreasing,7,0,2,5,No,7,No,Yes,No,No,No,3,No,,No,Yes,28,"H625, H626, H627","Royal, Canadian wonder",500,360,General cereals traders,General cereals traders,Business,7.2,7.2,7.2
70,2,10.5,6450,Inkalamu,Icipingila,0,       Male,       Male,       College,College,Secondary,150000,Gently sloping,Loam,Good,Individual,Minor,Sheet erosion,Tree planting,80,Decreasing,8,0,10,10,No,10,No,Yes,Yes,No,No,0.5,Yes,Yes,No,No,52,"H625, H626, H627",Rosecoco,500,1700,General cereals traders,General cereals traders,Business,2.5,2.5,2.5
71,2,10,6650,Inkalamu,Icipingila,0,       Female,       Female,       Secondary,Secondary,Primary,15000,Gently sloping,Loam,Fair,Individual,Minor,Sheet erosion,Grass strips,80,Decreasing,1,2,8,8,No,9,No,Yes,No,No,Yes,100,No,Yes,No,No,54,"H625, H626, H627",Rosecoco,500,1600,General cereals traders,General cereals traders,Business,2.4,2.4,2.4
72,1.5,9.33,6400,Inkalamu,Icipingila,1,       Female,       Female,       None,None,Primary,15000,Steep slope,Rocky,Poor,Individual,Minor,Low vegetation cover,Intercropping,85,Decreasing,1,30,7,20,No,38,No,No,No,No,No,100,No,No,No,No,25,"H625, H626, H627",Rosecoco,500,1800,General cereals traders,General cereals traders,Business,0,2.4,2.4
73,3,4.78,2221.67,Inkalamu,Icipingila,0,       Male,       Male,       Primary,Primary,Primary,,Steep slope,Loam,Good,Individual,Serious,Sheet erosion,Fallowing,25,Decreasing,0,3,10,15,Yes,9.33,Yes,Yes,No,No,Yes,,No,No,,Yes,42,H614,Rosecoco,500,0,General cereals traders,Not sold,Business,0,5,5
74,0.5,24,17200,Inkalamu,Icipingila,1,       Male,       Male,       Primary,Primary,Primary,30000,Steep slope,Rocky,Fair,Individual,Minor,Sheet erosion,Fallowing,33,Decreasing,1,0,0,0,Yes,0,No,No,No,No,No,20,No,No,,Yes,15,"H625, H626, H627",Rosecoco,500,1800,General cereals traders,General cereals traders,Business,0,5,5
75,1.5,11.56,5556.67,Inkalamu,Icipingila,0,       Male,       Male,       Primary,Primary,Primary,30000,Steep slope,Rocky,Fair,Individual,Minor,Sheet erosion,Fallowing,60,Decreasing,1,2,5,8,Yes,10,Yes,Yes,Yes,No,Yes,2,No,No,,Yes,24,"H625, H626, H627",Mwitemania,500,0,General cereals traders,Not sold,Business,0,5.3,5.3
76,1.5,13.78,6666.67,Inkalamu,Icipingila,4,       Female,       Female,       None,None,Primary,30000,Gently sloping,Loam,Fair,Individual,Minor,Sheet erosion,Intercropping,85,Decreasing,1,2,5,8,No,10,No,No,No,No,Yes,2,No,No,,Yes,23,H614,Rosecoco,500,0,General cereals traders,Not sold,Business,0,5,5
77,1,13.5,6000,Inkalamu,Icipingila,0,       Female,       Female,       Primary,Primary,Primary,8000,Gently sloping,Loam,Fair,Individual,Minor,Low vegetation cover,Intercropping,100,Decreasing,0,0,0,0,No,0,No,No,No,No,No,3,No,No,No,No,17,H614,Rosecoco,500,0,General cereals traders,Not sold,Business,0,5.5,5.5
78,0.75,10.6,0,Inkalamu,Icipingila,0,       Male,       Male,       Primary,Primary,Primary,3000,Steep slope,Rocky,Poor,Individual,Minor,Sheet erosion,Terracing,75,Decreasing,3,7,2,2,No,14.67,Yes,Yes,Yes,No,No,1.5,No,Yes,No,No,9,"H625, H626, H627",Rosecoco,0,0,Not sold,Not sold,Consumption,0,5.3,5.3
79,1,7,0,Inkalamu,Icipingila,0,       Male,       Male,       Primary,Primary,Primary,3000,Steep slope,Rocky,Poor,Individual,Minor,Sheet erosion,Terracing,100,Decreasing,1,7,3,5,No,15,Yes,Yes,Yes,No,No,1,No,No,No,Yes,15,"H625, H626, H627",Rosecoco,0,0,Not sold,Not sold,Consumption,0,5.3,5.3
80,6.5,1.86,1053.54,Inkalamu,Icipingila,2,       Male,       Male,       Secondary,Secondary,Primary,70000,Gently sloping,Loam,Good,Individual,Serious,Sheet erosion,Strip cropping,56,Decreasing,1,7,25,40,Yes,11.08,Yes,Yes,No,No,Yes,3,No,Yes,No,Yes,75,"H625, H626, H627",Rosecoco,500,1800,General cereals traders,General cereals traders,Business,0,5,5
81,7,1.35,317.14,Inkalamu,Cikwekwe,9,       Female,       Female,       None,None,Primary,70000,Flat,Clay,Good,Individual,Serious,Low vegetation cover,Intercropping,88,Decreasing,3,1,101,140,No,34.57,No,Yes,No,No,Yes,0.2,No,No,Yes,No,25,Local,Rosecoco,500,0,General cereals traders,Not sold,Business,0,2,2
82,3.5,2.95,2332.86,Inkalamu,Cikwekwe,1,       Male,       Male,       Secondary,Secondary,Primary,200000,Gently sloping,Loam,Good,Individual,Serious,Others specified,Intercropping,60,Decreasing,3,1,1,90,Yes,26.29,No,Yes,No,No,Yes,0.04,No,Yes,No,No,15,H614,Rosecoco,500,2000,General cereals traders,General cereals traders,Business,0,2,2
83,2.5,4.8,3280,Inkalamu,Cikwekwe,0,       Male,       Male,       Primary,College,Secondary,70000,Flat,Loam,Good,Individual,Serious,Low vegetation cover,Intercropping,100,Decreasing,6,12,24,8,Yes,17.6,Yes,Yes,No,No,Yes,1.5,Yes,Yes,Yes,No,20,H614,Rosecoco,500,1600,General cereals traders,General cereals traders,Business,0,4,4
84,3,3,1925,Inkalamu,Cikwekwe,3,       Male,       Female,       Primary,College,None,15000,Gently sloping,Loam,Good,Individual,Minor,Low vegetation cover,Intercropping,75,Decreasing,5,1,1,45,Yes,15.67,No,Yes,No,No,Yes,1.5,No,,No,No,20,Local,Rosecoco,450,1600,General cereals traders,General cereals traders,Business,0,4,4
85,3,4.33,2586.33,Inkalamu,Cikwekwe,3,       Male,       Male,       Secondary,Secondary,None,15000,Gently sloping,Loam,Good,Individual,Minor,Low vegetation cover,Intercropping,100,Decreasing,4,1,21,30,No,17.33,Yes,Yes,No,No,Yes,1.5,No,,Yes,No,15,"H513, H511",Rosecoco,400,1500,General cereals traders,General cereals traders,Business,0,5.5,5.5
86,4,3.38,2587.5,Inkalamu,Cikwekwe,2,       Male,       Female,       Primary,       Primary,None,30000,Gently sloping,Loam,Good,Individual,Serious,Others specified,Intercropping,56,Decreasing,3,1,15,25,Yes,10.25,Yes,Yes,No,No,Yes,0.5,Yes,Yes,Yes,No,60,H614,Rosecoco,700,1600,General cereals traders,General cereals traders,Business,0,1,1
87,3.5,4.49,2654.29,Inkalamu,Cikwekwe,3,       Male,       Female,       Primary,Primary,Primary,30000,Flat,Loam,Good,Individual,Serious,Low vegetation cover,Intercropping,75,Decreasing,4,1,1,60,Yes,17.71,No,Yes,No,No,Yes,0.02,No,,Yes,No,100,H614,Rosecoco,500,1500,General cereals traders,General cereals traders,Business,0,2,2
88,8,2.71,1750,Inkalamu,Cikwekwe,3,       Male,       Male,       Primary,Primary,Primary,70000,Steep slope,Loam,Good,Individual,Minor,Low vegetation cover,Intercropping,68,Decreasing,3,1,1,120,Yes,15.25,Yes,Yes,No,No,Yes,1,Yes,,Yes,No,50,"H625, H626, H627",Rosecoco,700,0,General cereals traders,Not sold,Business,0,0,0
89,6,1.52,830.5,Inkalamu,Cikwekwe,3,       Female,       Female,       Primary,Primary,Primary,30000,Gently sloping,Loam,Good,Communal,Minor,Low vegetation cover,Fallowing,33,Decreasing,4,1,1,80,Yes,13.67,Yes,Yes,No,No,Yes,0.2,No,,Yes,No,41,H614,Rosecoco,500,1600,General cereals traders,General cereals traders,Business,0,2,2
90,7,2.08,1130.29,Inkalamu,Cikwekwe,0,       Male,       Male,       Secondary,Secondary,Secondary,70000,Gently sloping,Loam,Good,Individual,Minor,Low vegetation cover,Intercropping,80,Decreasing,4,1,1,200,Yes,28.86,No,Yes,No,No,Yes,0.25,No,Yes,No,Yes,25,H614,Rosecoco,500,1600,General cereals traders,General cereals traders,Business,0,0.5,0.5
91,6,1.04,578.8,Inkalamu,Cikwekwe,1,       Male,       Male,       Primary,Primary,Primary,15000,Flat,Loam,Good,Individual,Minor,Low vegetation cover,Intercropping,50,Decreasing,4,120,18,84,Yes,37,No,Yes,No,No,Yes,0.3,No,Yes,Yes,No,40,H614,Rosecoco,480,1200,General cereals traders,General cereals traders,Business,0,2,2
92,2,10.5,5500,Inkalamu,Cikwekwe,0,       Male,       Male,       Secondary,Secondary,Primary,15000,Flat,Loam,Good,Individual,Serious,Low vegetation cover,Intercropping,75,Decreasing,4,1,8,16,Yes,12.5,Yes,Yes,No,No,Yes,0.3,Yes,No,No,No,45,H614,Rosecoco,500,1000,General cereals traders,General cereals traders,Business,0,0.75,0.75
93,4.75,0.75,299.79,Inkalamu,Cikwekwe,2,       Male,       Male,       Primary,Primary,Primary,8000,Gently sloping,Loam,Good,Individual,Minor,Low vegetation cover,Intercropping,75,Decreasing,2,90,28,70,Yes,39.58,No,Yes,No,No,Yes,0.02,No,,No,No,14,"H625, H626, H627",Rosecoco,400,0,General cereals traders,Not sold,Business,0,3,3
94,2,1,0,Inkalamu,Cikwekwe,0,       Male,       Male,       Primary,Primary,Primary,15000,Flat,Loam,Good,Communal,Minor,Low vegetation cover,Intercropping,90,Decreasing,3,1,24,40,No,32.5,No,No,No,No,Yes,0.01,No,,No,No,40,Local,,0,0,Not sold,,Consumption,0,1.5,1.5
95,3.5,3.2,2148.57,Inkalamu,Cikwekwe,2,       Male,       Female,       Secondary,       Secondary,None,15000,Flat,Loam,Good,Individual,Serious,Low vegetation cover,Intercropping,70,Decreasing,3,1,5,27,Yes,9.43,Yes,Yes,No,No,Yes,0.01,No,,No,No,35,"H625, H626, H627",Rosecoco,500,1700,General cereals traders,General cereals traders,Business,0,4,4
96,3.5,5.62,4274,Inkalamu,Cikwekwe,0,       Male,       Female,       Secondary,       Secondary,None,15000,Flat,Loam,Good,Individual,Serious,Shallow gullies,Intercropping,45,Decreasing,2,1,12,24,Yes,10.57,Yes,Yes,No,No,Yes,1,No,,Yes,No,,"H625, H626, H627",Rosecoco,700,1600,General cereals traders,General cereals traders,Business,0,4,4
97,5.5,3.15,1510.09,Inkalamu,Cikwekwe,1,       Male,       Female,       Secondary,       Secondary,None,15000,Flat,Loam,Good,Individual,Serious,Low vegetation cover,Intercropping,75,Decreasing,3,120,21,60,No,36.55,No,Yes,No,No,Yes,0.02,No,No,No,No,28,H614,Rosecoco,450,1200,General cereals traders,General cereals traders,Business,0,4,4
98,1.5,8.53,3750,Inkalamu,Cikwekwe,1,       Male,       Female,       College,       College,None,15000,Flat,Loam,Good,Individual,Serious,Low vegetation cover,Intercropping,75,Decreasing,3,0.5,3,5,Yes,5.67,No,Yes,No,No,Yes,1,No,,Yes,No,12,"H625, H626, H627",Rosecoco,450,0,General cereals traders,Not sold,Business,0,4,4
99,0,0,208,Inkalamu,Cikwekwe,0,       Male,       Male,       None,       None,None,30000,Flat,Loam,Good,Individual,Minor,Low vegetation cover,Intercropping,85,Decreasing,2,1,35,120,No,0,Yes,Yes,No,No,Yes,0.2,No,No,No,No,21,,Rosecoco,,1600,,General cereals traders,Business,0,4,4
100,4.5,0.78,222.22,Inkalamu,Cikwekwe,0,       Female,       Female,       None,None,Primary,8000,Flat,Loam,Fair,Individual,Minor,Low vegetation cover,Intercropping,100,Decreasing,2,120,28,60,No,46.22,Yes,No,No,No,Yes,2,No,No,No,No,6,"H625, H626, H627",Rosecoco,400,0,General cereals traders,Not sold,Business,0,4,4
101,4.2,3.49,1269.52,Inkalamu,Cikwekwe,5,       Male,       Male,       Primary,Secondary,Primary,15000,Flat,Loam,Good,Individual,Minor,Low vegetation cover,Intercropping,95,Decreasing,2,1,10,16,Yes,6.43,Yes,Yes,No,No,Yes,0.02,No,No,No,No,28,H614,Rosecoco,400,0,General cereals traders,Not sold,Business,0,3,3
102,4.5,2.37,933.33,Inkalamu,Cikwekwe,9,       Male,       Male,       College,       College,None,30000,Gently sloping,Loam,Good,Individual,Serious,Low vegetation cover,Intercropping,85,Decreasing,4,1,21,35,Yes,12.67,No,Yes,No,No,Yes,3,No,No,No,No,12,H614,Rosecoco,420,0,General cereals traders,Not sold,Business,0,5.5,5.5
103,1.5,8,5600,Inkalamu,Cikwekwe,0,       Male,       Male,       Secondary,Secondary,Primary,30000,Gently sloping,Loam,Good,Individual,Very serious,Low vegetation cover,Intercropping,75,Increasing,4,3,4,4,No,7.33,No,Yes,No,No,Yes,2,No,Yes,Yes,No,3,H614,Rosecoco,500,1700,General cereals traders,General cereals traders,Business,0,3,3
104,1,2.67,1335,Inkalamu,Cikwekwe,0,       Male,       Male,       None,None,Primary,3000,Flat,Loam,Good,Individual,Minor,Bare soil,Intercropping,100,Decreasing,3,2,4,4,No,10,No,No,No,No,No,2,No,No,No,No,2,Local,,500,,Friends,,Business,0,4.5,4.5
106,3,5.8,2000,Inkalamu,Cikwekwe,0,       Male,       Male,       Primary,Primary,Secondary,3000,Steep slope,Rocky,Fair,Individual,Minor,Shallow gullies,Tree planting,100,Decreasing,2,1,4,6,No,3.67,No,No,No,No,Yes,,No,Yes,No,Yes,4,H614,Rosecoco,400,0,General cereals traders,Not sold,Business,0,3,3
107,0.25,4.8,3280,Inkalamu,Cikwekwe,0,       Male,       Male,       None,None,Primary,3000,Flat,Loam,Good,Communal,Minor,Low vegetation cover,Intercropping,100,Decreasing,3,1,1,0,Yes,8,Yes,No,No,No,No,2,No,No,No,No,1,Local,Rosecoco,500,1600,General cereals traders,Friends,Business,0,2.5,2.5
108,0.75,14.13,7465,Inkalamu,Cikwekwe,0,       Female,       Female,       Primary,Primary,Primary,30000,Gently sloping,Clay,,Individual,Serious,Low vegetation cover,Tree planting,100,Decreasing,3,4,2,4,No,13.33,Yes,No,No,No,Yes,2,No,Yes,No,Yes,,Local,Rosecoco,500,1000,General cereals traders,Friends,Business,0,2,4.5
109,1.5,5.33,4266.67,Inkalamu,Cikwekwe,0,       Male,       Female,       Primary,Primary,Primary,,Flat,Loam,Good,Individual,Serious,Low vegetation cover,Intercropping,100,Increasing,3,1,6,14,No,14,No,Yes,No,No,Yes,,No,No,No,Yes,8,"H625, H626, H627",Rosecoco,500,1700,General cereals traders,General cereals traders,Business,0,2.5,2.5
110,2,4,2830.75,Inkalamu,Cikwekwe,0,       Male,       Male,       Primary,Primary,Primary,8000,Flat,Loam,Good,Individual,Minor,Sheet erosion,Intercropping,100,Decreasing,2,1,4,14,No,9.5,Yes,No,No,No,Yes,2,No,No,No,No,8,Local,Rosecoco,450,2000,General cereals traders,General cereals traders,Business,0,3.5,3.5
111,0.75,10.6,5600,Inkalamu,Cikwekwe,4,       Female,       Female,       Primary,Primary,Primary,3000,Gently sloping,Loam,Good,Individual,Serious,Low vegetation cover,Intercropping,75,Decreasing,2,3,2,3,No,10.67,No,No,No,No,Yes,,No,No,No,No,3,Local,Rosecoco,500,1000,General cereals traders,Friends,Business,0,2.5,2.5
112,0.75,13.86,7566,Inkalamu,Cikwekwe,2,       Female,       Female,       None,None,Primary,,Flat,Loam,Good,Individual,Serious,Low vegetation cover,Tree planting,75,Decreasing,3,7,4,8,No,25.33,No,No,No,No,Yes,3,No,No,Yes,Yes,4,Local,Rosecoco,500,1700,General cereals traders,General cereals traders,Business,0,4.5,4.5
113,0.75,12,7400,Inkalamu,Cikwekwe,0,       Female,       Female,       None,None,Primary,,Flat,Loam,Good,Individual,Serious,Low vegetation cover,Intercropping,100,Decreasing,4,1,2,6,No,12,No,No,No,No,Yes,,No,No,No,No,3,H614,Rosecoco,400,1700,General cereals traders,General cereals traders,Business,0,4,4
114,3,1.81,1446.33,Inkalamu,Cikwekwe,3,       Male,       Male,       None,None,Primary,30000,Gently sloping,Clay,Good,Individual,Very serious,Low vegetation cover,Tree planting,100,Decreasing,5,22,14,20,No,18.67,No,No,No,No,Yes,1,No,Yes,Yes,Yes,7,Local,Rosecoco,400,1700,General cereals traders,General cereals traders,Business,0,4.5,4.5
115,8,0.95,468.75,Inkalamu,Cikwekwe,1,       Male,       Female,       None,None,Primary,30000,Gently sloping,Loam,Good,Individual,Minor,Low vegetation cover,Tree planting,45,Decreasing,4,1,8,10,No,2.38,Yes,No,No,No,Yes,3,No,No,No,No,10,Local,Rosecoco,500,0,General cereals traders,Not sold,Business,0,4.5,4.5
116,0,1.19,645.71,Inkalamu,Cikwekwe,3,       Male,       Male,       Primary,Primary,Secondary,30000,Gently sloping,Loam,Good,Individual,Minor,Low vegetation cover,Intercropping,50,Decreasing,8,83,21,23,No,0,No,No,No,No,No,,No,No,No,No,6,Local,Mwitemania,450,1750,General cereals traders,General cereals traders,Business,0,3,3
117,0,0.6,399,Inkalamu,Cikwekwe,0,       Male,       Male,       Primary,Primary,Primary,30000,Gently sloping,Loam,Good,Individual,Minor,Low vegetation cover,Tree planting,100,Decreasing,4,1,6,14,No,0,No,No,No,No,Yes,,No,,No,No,8,Local,Rosecoco,500,2000,General cereals traders,Friends,Business,0,2,2
118,7,1.36,757.14,Inkalamu,Cikwekwe,4,       Male,       Male,       Secondary,       Secondary,None,30000,Gently sloping,Loam,Good,Individual,Serious,Low vegetation cover,Tree planting,35,Increasing,8,10,6,8,No,3.43,No,No,No,Yes,No,0.2,Yes,No,No,No,8,H614,Rosecoco,500,1600,General cereals traders,Friends,Business,0,3,3
119,2,8.75,5750,Inkalamu,Cikwekwe,3,Male,       Male,       College,       College,None,30000,Gently sloping,Loam,Good,Individual,Serious,Low vegetation cover,Tree planting,45,Decreasing,6,1,9,20,Yes,15,No,Yes,No,No,Yes,0.05,No,Yes,Yes,No,15,H614,Rosecoco,500,1600,General cereals traders,General cereals traders,Business,0,0.7,0.7
120,1,21,9000,Inkalamu,Cikwekwe,0,       Male,       Female,       Primary,Primary,Primary,,Gently sloping,Loam,Good,Individual,Serious,Sheet erosion,Tree planting,80,Increasing,23,16,7,10,No,33,No,Yes,No,No,Yes,0.05,No,Yes,No,Yes,7,"H625, H626, H627",Rosecoco,450,0,General cereals traders,Not sold,Business,0,0.5,0.5
121,7,1.44,1000,Inkalamu,Icipululu,2,       Male,       Male,       Secondary,Secondary,Secondary,150000,Gently sloping,Sandy clay,Fair,Individual,Serious,Bare soil,Tree planting,80,Increasing,9,14,28,84,Yes,18,Yes,Yes,Yes,No,Yes,1,No,Yes,Yes,No,24,H614,Mwitemania,700,0,General cereals traders,Not sold,Business,0,2.5,2.5
122,1.75,5.22,2448.57,Inkalamu,Icipululu,0,       Male,       Male,       College,College,Secondary,150000,Gently sloping,Sandy clay,Fair,Individual,Minor,Bare soil,Tree planting,90,Decreasing,7,1,10,19,Yes,17.14,Yes,No,Yes,No,Yes,1,Yes,Yes,Yes,No,23,Local,Wairimu,500,0,General cereals traders,Not sold,Business,0,4,4
123,5.5,3.12,1363.91,Inkalamu,Icipululu,0,       Male,       Male,       College,College,Secondary,200000,Gently sloping,Loam,Good,Individual,Very serious,Others specified,Tree planting,80,Increasing,13,3,27,66,Yes,17.45,No,Yes,No,No,Yes,1.5,Yes,Yes,Yes,No,40,"H625, H626, H627",Mwitemania,450,0,General cereals traders,Not sold,Business,0,5,5
124,4,2.63,1000,Inkalamu,Icipululu,4,       Male,       Male,       College,College,None,70000,Gently sloping,Loam,Fair,Individual,Serious,Low vegetation cover,Terracing,90,Increasing,11,2,20,48,Yes,17.5,Yes,Yes,Yes,No,Yes,2,No,Yes,Yes,No,35,H614,Mwitemania,400,0,General cereals traders,Not sold,Business,0,3,3
125,2.5,7.68,3360.6,Inkalamu,Icipululu,3,       Male,       Male,       Primary,Primary,Primary,70000,Gently sloping,Loam,Fair,Individual,Minor,Low vegetation cover,Terracing,95,Increasing,12,1.5,16,36,Yes,21.4,Yes,Yes,Yes,No,Yes,3,No,No,No,No,21,"H625, H626, H627",Mwitemania,450,0,General cereals traders,Not sold,Business,0,3,3
126,1.5,7.33,5500,Inkalamu,Icipululu,0,       Female,       Female,       None,None,Primary,15000,Steep slope,Rocky,Fair,Individual,Minor,Low vegetation cover,Terracing,95,Decreasing,11,24,7,18,No,32.67,Yes,Yes,Yes,No,No,,No,No,No,No,24,H614,Rosecoco,450,3750,General cereals traders,Others,Business,3,3,3
127,2,1.79,700,Inkalamu,Icipululu,0,       Male,       Male,       Primary,Primary,Primary,8000,Gently sloping,Loam,Fair,Individual,Minor,Bare soil,None,98,Decreasing,9,54,21,42,No,58.5,No,Yes,No,No,No,,No,No,No,No,21,Local,Wairimu,400,0,Others,Not sold,Business,0,2.5,2.5
128,1.25,10.11,4320,Inkalamu,Icipululu,0,       Female,       Female,       Primary,Primary,Primary,70000,Gently sloping,Loam,Fair,Individual,Negligible,Shallow gullies,Terracing,95,Decreasing,9,15,5,15,Yes,28,No,Yes,Yes,No,No,0.2,No,Yes,Yes,No,21,H614,Rosecoco,450,0,Others,Not sold,Business,0,2,2
129,5.5,0.63,272.45,Inkalamu,Icipululu,0,       Male,       Male,       None,None,Primary,8000,Steep slope,Rocky,Fair,Individual,Very serious,Bare soil,Terracing,45,Decreasing,15,174,30,58,No,47.64,Yes,No,No,No,No,,No,No,No,No,15,Local,Wairimu,450,0,General cereals traders,Not sold,Business,0,2.5,2.5
130,3,3,2000,Inkalamu,Icipululu,0,       Male,       Male,       Primary,Secondary,Secondary,70000,Steep slope,Rocky,Good,Individual,Serious,Low vegetation cover,Terracing,33,Increasing,10,3,6,36,Yes,15,Yes,Yes,No,No,No,0.5,No,No,No,No,30,"H625, H626, H627",Mwitemania,750,0,General cereals traders,Not sold,Business,0,2,2
131,3,2.29,1111.67,Inkalamu,Icipululu,3,       Male,       Male,       None,None,Primary,8000,Gently sloping,Loam,Fair,Individual,Negligible,Bare soil,Grass strips,95,Decreasing,11,2,21,36,No,19.67,Yes,Yes,Yes,No,No,0.5,No,No,No,No,42,Local,Mwitemania,500,0,General cereals traders,Not sold,Business,0,1.5,1.5
132,2,4,1500,Inkalamu,Icipululu,0,       Male,       Male,       None,None,Primary,8000,Gently sloping,Loam,Fair,Individual,Serious,Bare soil,Terracing,80,Decreasing,8,30,10,36,No,38,No,No,No,No,No,3,No,No,No,No,24,Local,Mwitemania,400,0,Others,Not sold,Business,0,1.5,1.5
133,2.5,3.2,1280,Inkalamu,Icipululu,0,       Male,       Male,       Primary,Primary,Primary,15000,Gently sloping,Loam,Fair,Individual,Serious,Low vegetation cover,Grass strips,80,Decreasing,10,2,18,30,Yes,20,Yes,Yes,No,No,No,2,No,No,No,No,20,Local,,400,,General cereals traders,,Business,1,1,1
134,4,1.94,1350,Inkalamu,Icipululu,2,       Female,       Female,       Primary,Primary,Primary,15000,Flat,Clay,Good,Individual,Serious,Bare soil,None,70,Increasing,8,3,30,50,No,20.75,No,Yes,No,No,No,2,No,Yes,Yes,No,40,Local,Wairimu,600,1100,General cereals traders,General cereals traders,Business,0,0.5,0.5
135,4.5,2.4,1355.56,Inkalamu,Icipululu,2,       Male,       Male,       Primary,Primary,Primary,70000,Gently sloping,Loam,Good,Individual,Minor,Shallow gullies,Terracing,80,Increasing,9,75,24,48,No,32.67,Yes,No,No,No,Yes,1,No,Yes,No,No,59,PH1 Paner,Mwitemania,450,2000,Others,Friends,Business,0,6,6
136,5.75,1.17,716.09,Inkalamu,Icipululu,0,       Male,       Male,       Primary,Primary,Primary,70000,Steep slope,Rocky,Poor,Individual,Serious,Low vegetation cover,Tree planting,33,Decreasing,20,3,27,66,No,16.7,Yes,No,No,No,Yes,0.5,No,No,No,Yes,48,Local,Rosecoco,480,1650,General cereals traders,General cereals traders,Business,0,10,10
137,2,5.5,2250,Inkalamu,Icipululu,1,       Male,       Male,       Primary,Primary,Primary,30000,Gently sloping,Loam,Fair,Individual,Minor,Low vegetation cover,Terracing,90,Increasing,10,30,14,30,No,37,Yes,No,No,No,No,1,Yes,No,No,Yes,34,Local,"Royal, Canadian wonder",450,0,General cereals traders,Not sold,Business,6,6,6
138,3,3,1745.67,Inkalamu,Icipululu,5,       Male,       Male,       Primary,Primary,Primary,30000,Gently sloping,Loam,Fair,Individual,Minor,Low vegetation cover,Tree planting,95,Increasing,11,36,17,36,No,29.67,Yes,No,No,No,No,2,No,Yes,Yes,No,34,Local,Wairimu,500,1600,General cereals traders,Others,Business,3,3,3
139,4,1.38,500,Inkalamu,Icipululu,2,       Male,       Male,       Primary,Primary,Primary,15000,Gently sloping,Clay,Fair,Individual,Minor,Low vegetation cover,Terracing,90,Decreasing,10,48,28,48,No,31,Yes,No,No,No,No,0.5,No,No,No,No,40,Local,Mwitemania,400,0,General cereals traders,Not sold,Business,0,3,3
140,4,1.38,625,Inkalamu,Icipululu,0,       Female,       Female,       None,None,Primary,8000,Gently sloping,Clay,Fair,Individual,Negligible,Bare soil,None,80,Decreasing,8,48,30,48,No,31.5,Yes,No,No,No,No,0.5,No,No,No,No,40,Local,Rosecoco,500,0,General cereals traders,Not sold,Business,0,4,4
141,3,1.72,666.67,Inkalamu,Icipululu,2,       Female,       Female,       None,None,Primary,15000,Gently sloping,Loam,Fair,Individual,Serious,Low vegetation cover,Intercropping,60,Increasing,6,2,21,36,No,19.67,No,No,No,No,No,,No,No,No,No,29,Local,"Royal, Canadian wonder",400,0,General cereals traders,Not sold,Business,0,3,3
142,3,1.76,833.33,Inkalamu,Icipululu,2,       Male,       Male,       Primary,Primary,Primary,15000,Gently sloping,Loam,Fair,Individual,Very serious,Low vegetation cover,Terracing,50,Increasing,11,1.5,14,36,No,17.17,No,Yes,No,No,No,,No,No,No,No,23,Local,Mwitemania,500,0,General cereals traders,Not sold,Business,0,4,4
143,8,1.63,872.56,Inkalamu,Icipululu,7,       Female,       Female,       Primary,Primary,None,70000,Gently sloping,Loam,Fair,Individual,Serious,Bare soil,Tree planting,60,Increasing,16,5,45,108,No,19.75,Yes,Yes,No,No,No,0.01,No,Yes,Yes,No,48,Local,Mwezi moja,450,1300,General cereals traders,General cereals traders,Business,0,3,3
144,2,4.25,1800,Inkalamu,Icipululu,1,       Male,       Male,       None,None,None,30000,Flat,Clay,Fair,Individual,Negligible,Bare soil,None,40,Decreasing,3,1,10,24,No,17.5,No,No,No,No,No,,No,No,No,No,14,Local,Mwitemania,450,0,General cereals traders,Not sold,Business,0,3,3
145,2,8.5,4300,Inkalamu,Icipululu,4,       Male,       Male,       Primary,Primary,Primary,70000,Gently sloping,Loam,Fair,Individual,Serious,Low vegetation cover,Grass strips,90,Increasing,10,2,18,24,No,22,Yes,Yes,Yes,No,Yes,0.5,No,Yes,Yes,No,46,Local,Mwitemania,400,1300,General cereals traders,General cereals traders,Business,0,4,4
146,2.5,3.04,1224,Inkalamu,Icipululu,0,       Female,       Female,       None,None,Primary,15000,Gently sloping,Loam,Fair,Individual,Very serious,Low vegetation cover,Terracing,70,Decreasing,8,30,10,30,No,28,Yes,No,No,No,No,,No,No,No,No,34,Local,Rosecoco,450,0,Others,Not sold,Business,0,2,2
147,2,2.75,1562.5,Inkalamu,Icipululu,4,       Male,       Male,       Primary,Primary,Primary,30000,Gently sloping,Loam,Fair,Individual,Serious,Bare soil,Terracing,50,Decreasing,10,2,16,24,No,21,No,No,No,No,No,1,No,Yes,Yes,No,36,Local,"Royal, Canadian wonder",500,1250,Others,Others,Business,2,2,2
148,4,3.18,1562.5,Inkalamu,Icipululu,0,       Male,       Male,       None,None,Primary,15000,Gently sloping,Clay,Good,Individual,Serious,Low vegetation cover,Grass strips,90,Decreasing,9,60,32,48,No,35,No,Yes,No,No,No,1,No,No,No,No,35,Local,"Royal, Canadian wonder",500,0,General cereals traders,Not sold,Business,0,2,2
149,1.5,10.13,4890,Inkalamu,Icipululu,3,       Male,       Male,       Primary,Primary,Secondary,150000,Gently sloping,Loam,Fair,Individual,Very serious,Bare soil,Terracing,80,Decreasing,10,1,10,18,Yes,19.33,Yes,Yes,No,No,Yes,2,No,Yes,Yes,No,27,H614,Wairimu,500,0,General cereals traders,Not sold,Business,0,4,4
150,3.5,1.14,686.86,Inkalamu,Icipululu,6,       Female,       Female,       None,None,Primary,30000,Gently sloping,Loam,Fair,Individual,Serious,Bare soil,Grass strips,80,Decreasing,9,1.5,30,42,No,21,No,Yes,No,No,Yes,1,No,No,No,No,21,H614,Mwitemania,400,1600,Others,Friends,Business,0,2,2
151,2.5,1.92,800,Inkalamu,Icipululu,0,       Female,       Female,       Primary,Primary,Primary,30000,Gently sloping,Loam,Fair,Individual,Very serious,Low vegetation cover,Grass strips,50,Decreasing,7,1,23,30,No,21.6,No,No,No,No,Yes,1,No,No,Yes,No,40,Local,Mwitemania,500,0,Others,Not sold,Business,0,3,3
152,4,3.92,1500,Inkalamu,Icipululu,0,       Male,       Male,       Primary,Primary,Secondary,70000,Gently sloping,Loam,Fair,Individual,Serious,Bare soil,Terracing,80,Increasing,11,90,27,48,Yes,41.25,No,Yes,No,No,No,1,No,Yes,Yes,No,48,H614,Rosecoco,400,0,General cereals traders,Not sold,Business,0,2,2
153,7.5,1.63,933,Inkalamu,Icipululu,1,       Male,       Male,       College,College,Secondary,200000,Gently sloping,Loam,Good,Individual,Serious,Low vegetation cover,Grass strips,85,Increasing,15,8,50,88,Yes,19.47,Yes,Yes,No,No,Yes,1,Yes,Yes,Yes,No,48,Local,Rosecoco,450,1800,Others,Others,Business,0,6,6
154,6,1.81,1075.08,Inkalamu,Icipululu,5,       Male,       Female,       None,None,Primary,70000,Steep slope,Rocky,Fair,Individual,Serious,Low vegetation cover,Grass strips,52,Increasing,9,8,36,72,No,19.33,No,Yes,No,No,Yes,2,No,No,No,No,50,Local,Wairimu,450,2350,Others,Friends,Business,0,6,6
155,4,0.75,515.63,Inkalamu,Icipululu,0,       Male,       Male,       None,None,Primary,8000,Gently sloping,Loam,Fair,Individual,Serious,Low vegetation cover,Grass strips,80,Decreasing,8,48,28,48,No,31,No,No,No,No,No,0.5,No,No,No,No,25,Local,Mwitemania,500,1250,General cereals traders,General cereals traders,Business,0,5,5
156,3,1.44,444,Inkalamu,Icipululu,2,       Male,       Male,       None,None,Primary,8000,Gently sloping,Loam,Fair,Individual,Serious,Low vegetation cover,None,60,Decreasing,2,2,12,36,No,16.67,No,No,No,No,Yes,1,No,No,No,No,31,Local,Wairimu,400,0,Others,Not sold,Business,0,5,5
157,3,2.22,0,Inkalamu,Icipululu,1,       Male,       Male,       None,None,Primary,8000,Gently sloping,Loam,Fair,Individual,Serious,Bare soil,None,60,Decreasing,3,2,15,36,No,17.67,No,No,No,No,No,0.5,No,No,No,No,22,Local,Mwitemania,0,,Not sold,,Consumption,0,1.5,1.5
158,1.5,9.77,5417.67,Inkalamu,Icipululu,1,       Male,       Male,       Secondary,College,Secondary,150000,Gently sloping,Loam,Good,Individual,Serious,Low vegetation cover,Tree planting,98,Increasing,8,18,10,18,Yes,30.67,Yes,Yes,No,No,No,1,No,No,No,No,22,H614,Rosecoco,450,1600,Others,Friends,Business,0,6,6
159,4,1.5,562.5,Inkalamu,Icipululu,2,       Male,       Male,       None,None,Primary,70000,Gently sloping,Loam,Fair,Individual,Minor,Low vegetation cover,Grass strips,95,Increasing,9,48,32,48,No,32,No,Yes,No,No,No,1.5,No,No,No,No,50,Local,Rosecoco,450,0,Others,Not sold,Business,0,5,5
160,3.5,4,1713.86,Inkalamu,Icipululu,,       Male,       Male,       College,College,Primary,150000,Gently sloping,Loam,Very good,Individual,Minor,Low vegetation cover,Grass strips,95,Increasing,16,4,42,42,Yes,25.14,Yes,Yes,No,No,Yes,1,Yes,Yes,Yes,No,30,PH1 Paner,Mwitemania,450,0,Others,Not sold,Business,0,7,7
162,6,0.67,0,Inkalamu,Cembe,6,       Male,       Male,       College,College,Primary,200000,,,,,Minor,Sheet erosion,ridging,75,Decreasing,3,12,15,44,Yes,11.83,No,No,No,Yes,Yes,1,No,Yes,Yes,No,4,H614,Rosecoco,0,0,Not sold,Not sold,Consumption,0,4,4
163,1,1,520,Inkalamu,Cembe,2,       Male,       Male,       Primary,Primary,Primary,30000,Gently sloping,Clay,Good,Individual,Negligible,Shallow gullies,None,25,Decreasing,1,3,3,3,No,9,No,No,No,No,No,0.1,No,No,No,No,2,Local,,520,,General cereals traders,,Business,4,4,4
164,4,0.17,82.5,Inkalamu,Cembe,3,       Female,       Female,       Primary,Primary,Primary,30000,Gently sloping,Loam,Good,,Minor,Sheet erosion,None,75,Decreasing,2,20,20,20,No,15,No,No,No,No,No,0.2,No,Yes,No,No,3,Local,,500,,Others,,Business,5,4,4
165,2,2.25,1000,Inkalamu,Cembe,0,       Male,       Male,       Primary,Primary,Secondary,15000,Gently sloping,Loam,Good,Individual,Minor,Sheet erosion,Tree planting,100,Decreasing,2,3,3,14,No,10,No,No,No,Yes,No,0.2,No,No,No,Yes,12,Local,"Royal, Canadian wonder",0,2000,Not sold,Relatives,Business,0,3,3
166,2,1.81,0,Inkalamu,Cembe,2,       Male,       Male,       Primary,Primary,Primary,30000,Gently sloping,Clay,Good,Individual,Minor,Sheet erosion,None,75,Constant,2,4,4,4,No,6,No,No,No,Yes,No,0.2,Yes,No,No,Yes,4,Local,Nyayo,0,0,Not sold,Not sold,Consumption,0,3,3
167,0.75,2.6,0,Inkalamu,Cembe,0,       Male,       Male,       Primary,Primary,Primary,30000,Flat,Loam,Very good,Individual,Minor,Sheet erosion,ridging,90,Constant,1,2,2,2,No,8,No,No,No,No,No,0.25,No,No,No,No,2,Local,,0,,Not sold,,Consumption,0,3,3
168,6,0.14,83,Inkalamu,Cembe,0,       Male,       Male,       Primary,Primary,Primary,15000,Flat,Loam,Good,Individual,Serious,Sheet erosion,None,75,,2,12,12,6,No,5,No,No,No,No,No,0.4,No,No,No,No,15,Local,Rosecoco,600,,General cereals traders,,Business,0.25,3,3
169,5,0.16,0,Inkalamu,Cembe,0,       Male,       Male,       Primary,Primary,Primary,150000,Flat,Loam,Good,Individual,Serious,Sheet erosion,Intercropping,50,Constant,1,4,4,147,No,31,No,No,No,Yes,No,1,No,Yes,Yes,Yes,5,Local,,0,,Not sold,,Consumption,0,3,3
170,3.5,0.29,0,Inkalamu,Cembe,0,       Female,       Female,       None,None,Primary,,Flat,Clay,Good,Individual,Negligible,Shallow gullies,Intercropping,100,Decreasing,3,7.5,7.5,134,No,42.57,No,No,No,Yes,No,1,No,Yes,No,No,2,Local,,0,,Not sold,,Consumption,0,4,4
171,1.5,1.33,0,Inkalamu,Cembe,0,       Male,       Male,       Primary,Primary,Primary,,Steep slope,Loam,Good,Individual,Negligible,Shallow gullies,Tree planting,25,Decreasing,3,0,0,0,No,0,No,No,No,Yes,No,,No,No,No,No,0.5,Local,,0,,Not sold,,Consumption,0,4,4
172,1.25,9.6,0,Inkalamu,Cembe,0,       Male,       Male,       Primary,Primary,Primary,15000,Gently sloping,Loam,Good,Individual,Minor,Bare soil,None,100,,2,12,12,56,No,64,No,No,No,Yes,No,0.5,No,No,No,Yes,9,Local,"Royal, Canadian wonder",0,0,Not sold,Not sold,Consumption,0,4,4
173,3,0.46,264.93,Inkalamu,Cembe,1,       Female,       Female,       Primary,Primary,Primary,15000,Steep slope,Sandy clay,Poor,Individual,Negligible,Shallow gullies,None,75,Decreasing,2,4,4,30,No,12.67,No,No,No,Yes,No,0.75,No,Yes,No,No,7,Local,Rosecoco,560,1000,General cereals traders,General cereals traders,Business,5,5,5
174,1,2.4,0,Inkalamu,Cembe,0,       Male,       Male,       Primary,Primary,Primary,15000,Steep slope,Sandy clay,Fair,Communal,None,Shallow gullies,ridging,75,Decreasing,2,21,21,21,No,63,No,No,No,Yes,No,3,No,No,No,No,2,Local,Rosecoco,0,0,Not sold,Not sold,Consumption,0,0.5,5
175,1,3.6,0,Inkalamu,Cembe,0,       Male,       Female,       Primary,Primary,Primary,8000,Steep slope,Sandy clay,Fair,Individual,Serious,Shallow gullies,Terracing,60,Decreasing,2,10,10,10,No,30,No,No,No,Yes,No,2,No,No,No,No,6,Local,Rosecoco,0,0,Not sold,Not sold,Consumption,0,0.5,5
176,1,2.25,0,Inkalamu,Cembe,0,       Male,       Male,       Primary,Primary,Primary,8000,Gently sloping,Loam,Good,Individual,Minor,Shallow gullies,Grass strips,40,Decreasing,1,5,5,5,No,15,No,No,No,No,No,1,No,No,No,No,3,Local,Rosecoco,0,0,Not sold,Not sold,Consumption,0,0.25,0.25
177,2,0.79,600,Inkalamu,Cembe,0,       Male,       Male,       Primary,Primary,Primary,30000,Gently sloping,Loam,Good,Individual,Minor,Sheet erosion,Intercropping,75,Decreasing,2,12,12,12,No,18,No,No,No,Yes,No,1,No,No,No,No,7,Local,Rosecoco,800,0,General cereals traders,Not sold,Business,0,5,5
178,0.5,3.05,0,Inkalamu,Cembe,0,       Female,       Female,       None,None,Primary,3000,Steep slope,Rocky,Poor,Individual,Negligible,Shallow gullies,Intercropping,60,Decreasing,2,12,4,12,No,56,No,No,No,No,No,,No,No,No,No,2,Local,Rosecoco,0,0,Not sold,Not sold,Consumption,0,5,5
179,0.5,2,0,Inkalamu,Cembe,3,       Male,       Female,       None,Primary,Primary,15000,Gently sloping,Clay,Good,Individual,Serious,Sheet erosion,None,80,Decreasing,1,2,2,2,No,12,No,No,No,No,No,1,No,No,No,No,1,Local,,0,,Not sold,,Consumption,0,5,5
180,2,1.25,700,Inkalamu,Cembe,0,       Male,       Male,       Primary,Primary,Primary,15000,Steep slope,Clay,Good,Individual,Negligible,Shallow gullies,Grass strips,80,Decreasing,1,4,4,4,No,6,No,No,No,Yes,No,1,No,No,No,No,5,Local,,560,,Friends,,Business,1,5,5
181,1,0.4,0,Inkalamu,Cembe,1,       Male,       Male,       Primary,Primary,Primary,15000,Gently sloping,Clay,Good,Individual,Negligible,Shallow gullies,ridging,75,Decreasing,1,3,3,3,No,9,No,No,No,Yes,No,1,No,No,No,No,1,Local,,0,,Not sold,,Consumption,0,5,5
182,2,1.5,0,Inkalamu,Cembe,2,       Female,       Female,       Primary,Primary,Primary,8000,Flat,Loam,Good,Individual,Minor,Sheet erosion,Tree planting,80,Decreasing,2,7,7,7,No,10.5,No,No,No,Yes,No,0.5,No,Yes,Yes,Yes,14,Local,Rosecoco,0,0,Not sold,Not sold,Consumption,0,5,5
183,1.25,2.25,1023.74,Inkalamu,Cembe,0,       Male,       Male,       Secondary,Secondary,Primary,15000,Gently sloping,Loam,Good,Individual,Negligible,Shallow gullies,Tree planting,85,Decreasing,2,5,5,5,No,12,No,No,No,No,No,1.5,No,No,No,No,9,Local,Rosecoco,480,0,General cereals traders,Not sold,Business,3,3,3
184,3.5,0.86,0,Inkalamu,Cembe,0,       Male,       Male,       Primary,Primary,Primary,15000,Gently sloping,Loam,Good,Individual,Negligible,Shallow gullies,ridging,100,Decreasing,2,6,6,6,No,5.14,No,No,No,Yes,No,0.5,No,No,No,No,1,Local,Rosecoco,0,0,Not sold,Not sold,Consumption,0,4,4
185,0,0.05,0,Inkalamu,Cembe,0,       Female,       Female,       Primary,Primary,Primary,3000,Gently sloping,Loam,Fair,Individual,Serious,Sheet erosion,Strip cropping,75,Decreasing,0,0,0,0,No,0,No,No,No,No,No,2,No,No,No,No,3,Local,Rosecoco,0,0,Not sold,Not sold,Consumption,0,5,5
186,0,0,0,Inkalamu,Cembe,0,       Male,       Male,       None,None,Primary,8000,Steep slope,Clay,Fair,Individual,Very serious,Sheet erosion,Tree planting,50,Decreasing,0,0,0,0,No,0,No,No,No,No,No,3,No,No,No,No,,,,,,,,None,,,
187,4.25,0.65,0,Inkalamu,Cembe,0,       Male,       Male,       Primary,None,None,3000,Flat,Clay,Fair,Individual,Serious,Sheet erosion,Terracing,100,Decreasing,3,28,9,27,No,15.06,No,No,No,No,No,3,Yes,No,No,No,6,Local,Rosecoco,0,0,Not sold,Not sold,Consumption,0,5,5
188,0,0.33,173.33,Inkalamu,Cembe,0,       Male,       Male,       Primary,Primary,Primary,3000,Gently sloping,Clay,Fair,Individual,Serious,Sheet erosion,Intercropping,100,Decreasing,0,0,0,0,No,0,No,No,No,No,No,3,No,No,No,No,6,Local,,520,,General cereals traders,,Business,4,4,4
189,0,0.36,0,Inkalamu,Cembe,1,       Male,       Male,       Primary,Primary,Primary,3000,Steep slope,Rocky,Fair,Individual,Serious,Low vegetation cover,Tree planting,50,Decreasing,0,0,0,0,No,0,No,No,No,No,No,2,No,No,No,No,3,Local,,0,,Not sold,,Consumption,0,3,3
190,2.5,1.03,0,Inkalamu,Cembe,0,       Male,       Male,       Primary,Primary,Primary,30000,Gently sloping,Loam,Good,Individual,Serious,Sheet erosion,Tree planting,100,Increasing,9,0,0,28,Yes,11.2,No,No,No,No,No,2,No,Yes,Yes,No,2,Local,Rosecoco,0,0,Not sold,Not sold,Consumption,0,3,3
191,0,3.36,0,Inkalamu,Cembe,1,       Female,       Female,       None,None,Primary,3000,Gently sloping,Clay,Fair,Individual,Serious,Sheet erosion,None,100,Decreasing,4,0,0,0,Yes,0,Yes,No,No,No,No,2,No,No,No,No,12,Local,Rosecoco,0,0,Not sold,Not sold,Consumption,0,3,3
193,0,1,0,Inkalamu,Cembe,0,       Male,       Female,       Primary,Primary,Primary,3000,Gently sloping,Loam,Good,Individual,Minor,Sheet erosion,Intercropping,100,Decreasing,0,0,0,0,No,0,No,No,No,No,No,2,No,No,No,No,8,Local,,0,,Not sold,,Consumption,0,4,4
194,1,2.03,0,Inkalamu,Cembe,0,       Male,       Male,       None,None,Primary,8000,Gently sloping,Sandy clay,Good,Individual,Negligible,Shallow gullies,Fallowing,75,Decreasing,2,4,4,4,No,12,No,No,No,No,No,1,No,No,No,Yes,2,Local,Rosecoco,0,0,Not sold,Not sold,Consumption,0,3,3
195,1.5,9.87,7280,Inkalamu,Cembe,0,       Male,       Male,       Primary,Primary,Primary,8000,Steep slope,Loam,Good,Individual,Negligible,Shallow gullies,Intercropping,100,Decreasing,2,12,12,12,No,24,No,No,No,Yes,No,2,Yes,No,No,Yes,7,Local,Rosecoco,400,1400,General cereals traders,General cereals traders,Business,3,3,3
196,2,0.75,0,Inkalamu,Cembe,1,       Female,       Female,       Primary,Primary,Primary,8000,Gently sloping,Sandy clay,Good,Individual,Negligible,Shallow gullies,Intercropping,100,Decreasing,2,8,8,8,No,12,No,No,No,No,No,2,No,Yes,No,Yes,5,Local,Rosecoco,0,0,Not sold,Not sold,Consumption,0,3,3
197,3,0.22,106.56,Inkalamu,Cembe,0,       Male,       Female,       Primary,Secondary,Secondary,30000,Flat,Clay,Good,Individual,Negligible,Shallow gullies,ridging,,Decreasing,1,10,10,10,Yes,10,No,No,No,Yes,No,2,No,No,No,No,6,PH1 Paner,,480,,General cereals traders,,Business,0.3,3,3
198,1,1.1,0,Inkalamu,Cembe,0,       Male,       Female,       Primary,Primary,None,30000,Gently sloping,Sandy clay,Good,Individual,Negligible,Shallow gullies,None,100,Decreasing,1,2,2,2,Yes,6,No,No,No,No,No,0.5,No,No,No,No,2,Local,,0,,Not sold,,Consumption,0,3,3
199,1,3.5,0,Inkalamu,Cembe,0,       Male,       Male,       Primary,Primary,Primary,15000,Gently sloping,Loam,Good,Individual,Negligible,Shallow gullies,None,75,Decreasing,1,5,5,5,No,15,No,No,No,No,No,0.5,No,No,No,Yes,3,Local,,0,,Not sold,,Consumption,0,3,3
200,2,0.1,0,Inkalamu,Cembe,0,       Male,       Male,       Primary,Primary,Primary,15000,Gently sloping,Loam,Good,Individual,Negligible,Shallow gullies,ridging,50,Decreasing,1,8,8,8,No,12,No,No,No,No,No,0.5,No,No,No,No,2,Local,,0,,Not sold,,Consumption,0,3,3
201,1.5,0.67,400,Inkalamu,Cipampa,0,       Female,       Female,       Secondary,Secondary,Primary,70000,Flat,Clay,Very good,Individual,Minor,Low vegetation cover,Tree planting,50,Increasing,2,1.5,1.5,12,No,10,No,No,No,No,No,0.5,No,Yes,No,No,10,Local,,600,,General cereals traders,,Business,0.5,0.5,0.5
202,3.75,0.55,0,Inkalamu,Cipampa,3,       Male,       Female,       None,None,Primary,15000,Gently sloping,Clay,Fair,Individual,Serious,Low vegetation cover,Intercropping,100,Decreasing,4,7,5,40,No,13.87,No,No,No,No,No,2,No,No,No,No,16,Local,Nyayo,0,0,Not sold,Not sold,Consumption,0,2,2
203,2,1.5,0,Inkalamu,Cipampa,0,       Male,       Female,       Primary,Secondary,Primary,15000,Flat,Clay,Good,Individual,Negligible,Deep gullies,Fallowing,25,Increasing,3,12,6,72,No,45,No,No,No,No,No,2,No,No,No,No,17,"H513, H511",Wairimu,0,0,Not sold,Not sold,Consumption,0,84,2
204,3,0.67,0,Inkalamu,Cipampa,0,       Male,       Female,       Primary,Primary,Primary,15000,Gently sloping,Clay,Good,Individual,Serious,Low vegetation cover,Strip cropping,100,Decreasing,2,6,3.5,3.5,No,4.33,No,No,No,Yes,No,3,No,Yes,No,No,8,Local,,0,,Not sold,,Consumption,0,1,1
205,0.83,8,6400,Inkalamu,Cipampa,0,       Male,       Female,       None,None,Primary,8000,Gently sloping,Clay,Good,Individual,Serious,Low vegetation cover,Strip cropping,75,Increasing,4,9,5,11,No,30.12,No,No,No,No,No,2,No,No,No,No,12,Local,,800,,General cereals traders,,Business,1,1,1
206,2,1.5,0,Inkalamu,Cipampa,0,       Male,       Female,       Primary,Primary,Primary,15000,Gently sloping,Loam,Fair,Individual,Negligible,Low vegetation cover,Strip cropping,50,Decreasing,3,2,2,18,,11,,,,,,2.5,No,No,No,No,2,Local,,0,,Not sold,,Consumption,0,120,2
207,3,0.67,0,Inkalamu,Cipampa,0,       Male,       Male,       Primary,Primary,Primary,15000,Gently sloping,Clay,Good,Individual,Serious,Low vegetation cover,Strip cropping,100,Increasing,5,4.5,4,4.5,No,4.33,No,No,No,No,No,3,No,No,No,No,8,Local,,0,,Not sold,,Consumption,0,120,2
208,2,0.63,400,Inkalamu,Cipampa,1,       Male,       Male,       Primary,Primary,Primary,30000,Gently sloping,Clay,Good,Individual,Serious,Low vegetation cover,Intercropping,75,Decreasing,5,12,14,32,No,29,No,No,No,No,No,2,No,No,No,No,23,Local,Rosecoco,0,1600,Not sold,General cereals traders,Business,2,120,1.5
209,2,0.85,450,Inkalamu,Cipampa,0,       Female,       Female,       None,None,Primary,8000,Gently sloping,Loam,Good,Individual,Serious,Shallow gullies,Intercropping,100,Increasing,3,4,4,5,No,6.5,No,No,No,No,No,,No,No,No,No,18,Local,Rosecoco,0,1800,Not sold,General cereals traders,Business,2,54,2
210,1,4,2080,Inkalamu,Cipampa,0,       Male,       Female,       Primary,Primary,Primary,15000,Flat,Clay,Very good,Individual,Very serious,Low vegetation cover,Strip cropping,100,Increasing,1,8,8,15,No,31,No,No,No,No,No,2.5,No,No,No,No,18,Local,,520,,Others,,Business,1,114,2
211,1.13,1.77,0,Inkalamu,Cipampa,0,       Female,       Female,       None,None,Primary,3000,Steep slope,Loam,Fair,Individual,Very serious,Low vegetation cover,Tree planting,25,Decreasing,4,2.5,2,5,No,8.41,No,No,No,No,No,4,No,No,No,No,8,Local,,0,,Not sold,,Consumption,0,110,2
212,1.5,2.08,250,Inkalamu,Cipampa,0,       Male,       Male,       Primary,Primary,Primary,8000,Flat,Clay,Fair,Individual,Very serious,Low vegetation cover,Intercropping,100,Constant,4,6,9,22,No,24.67,No,No,No,No,No,,No,No,No,No,6,Local,Mwezi moja,0,3000,Not sold,General cereals traders,Business,82,122,2
213,4,0.25,0,Inkalamu,Cipampa,0,       Male,       Male,       Primary,Primary,Primary,30000,Flat,Clay,Good,Individual,Minor,Low vegetation cover,Tree planting,50,Increasing,5,4,3.5,31,No,9.63,No,No,No,No,,10,No,Yes,No,No,6,Local,Nyayo,0,0,Not sold,,Consumption,0,120,2
214,5,0.64,0,Inkalamu,Cipampa,0,       Male,       Female,       None,Primary,Primary,15000,Gently sloping,Clay,Poor,Individual,Serious,Low vegetation cover,Grass strips,50,Decreasing,6,3.5,2.25,18,No,4.75,No,No,No,No,No,0,No,No,No,No,16,Local,,0,,Not sold,,Consumption,0,120,2
215,6.5,0.46,0,Inkalamu,Cipampa,0,       Male,       Male,       Primary,Primary,Primary,8000,Flat,Clay,Good,Individual,Serious,Low vegetation cover,Strip cropping,100,Increasing,5,5,4.5,5.5,No,2.31,No,No,No,No,No,0.5,No,No,No,No,18,Local,,0,,Not sold,,Consumption,0,2,2
216,1.5,3.53,0,Inkalamu,Cipampa,2,       Female,       Female,       Secondary,None,None,15000,Flat,Clay,Good,Individual,Minor,Low vegetation cover,Other specified,100,Increasing,6,3,3,7,No,8.67,No,No,No,No,No,,No,No,No,No,13,Local,Nyayo,0,0,Not sold,Not sold,Consumption,0,1,1
217,3.25,0.62,0,Inkalamu,Cipampa,2,       Male,       Female,       Secondary,College,Secondary,150000,Gently sloping,Clay,Fair,Individual,Minor,Low vegetation cover,Tree planting,25,Increasing,5,3.75,5,15.5,No,7.46,No,No,No,No,No,0,No,Yes,No,No,12,Local,,0,,Not sold,,Consumption,0,120,1
218,2,0.63,0,Inkalamu,Cipampa,0,       Male,       Male,       Secondary,Secondary,Primary,15000,Gently sloping,Clay,Good,Individual,Minor,Low vegetation cover,Tree planting,75,Increasing,3,4,4,9,No,8.5,No,No,No,No,No,,No,,Yes,No,12,Local,,0,,Not sold,,Consumption,0,1,1
219,1,1,0,Inkalamu,Cipampa,0,       Male,       Female,       None,Primary,Primary,15000,Gently sloping,Clay,Good,Individual,Minor,Low vegetation cover,Tree planting,50,Increasing,1,4,4,28,No,36,No,No,No,No,No,2,No,No,No,No,5,Local,,0,,Not sold,,Consumption,0,1,1
220,2.75,0.33,0,Inkalamu,Cipampa,0,       Male,       Female,       Primary,Primary,Primary,30000,Gently sloping,Clay,Good,Individual,Negligible,Low vegetation cover,Tree planting,80,Increasing,3,4.5,4.5,6,No,5.45,No,No,No,No,No,4,No,No,Yes,No,8,Local,Rosecoco,0,0,Not sold,Not sold,Consumption,0,2,2
221,1,0.5,0,Inkalamu,Cipampa,0,       Male,       Female,       None,None,Primary,8000,Gently sloping,Clay,Good,Individual,Serious,Low vegetation cover,Tree planting,50,Increasing,2,1.5,1.5,1.5,No,4.5,No,No,No,No,No,,No,No,No,No,2,Local,,0,,Not sold,,Consumption,0,2,2
222,1,0.2,0,Inkalamu,Cipampa,1,       Female,       Female,       Primary,Primary,Primary,3000,Steep slope,Sandy clay,Fair,Individual,Minor,Low vegetation cover,Intercropping,50,Decreasing,4,2,1.5,18,No,21.5,No,No,No,No,No,,No,No,No,No,2,Local,,0,,Not sold,,Consumption,0,1,1
223,3,0.13,0,Inkalamu,Cipampa,1,       Male,       Female,       None,Primary,Secondary,70000,Gently sloping,Sandy clay,Fair,Individual,Serious,Low vegetation cover,Intercropping,25,Increasing,4,5,3.5,4,No,4.17,No,No,No,No,No,3,No,Yes,No,No,2,Local,,0,,Not sold,,Consumption,0,1,1
224,0,0.34,0,Inkalamu,Cipampa,0,       Male,       Female,       Secondary,College,Secondary,70000,Gently sloping,Clay,Good,Individual,Serious,Low vegetation cover,Intercropping,100,Increasing,3,1,2,3,No,0,No,No,No,No,No,,No,Yes,No,No,18,Local,Rosecoco,0,0,Not sold,Not sold,Consumption,0,1,1
225,1.75,0.86,1071.43,Inkalamu,Cipampa,0,       Male,       Male,       Primary,Primary,Primary,15000,Steep slope,Sandy clay,Fair,Individual,Negligible,Deep gullies,Tree planting,50,Increasing,1,5,9,16,No,17.14,No,No,No,No,No,,No,No,No,No,12,Local,,1250,,General cereals traders,,Business,1,1,1
226,0,0,0,Inkalamu,Cipampa,0,       Male,       Female,       Primary,Primary,Primary,8000,Steep slope,Sandy clay,Fair,Individual,Serious,Low vegetation cover,Tree planting,75,Decreasing,5,0,0,0,,0,,,,,,,No,No,No,No,,,,,,,,None,,,
227,0.75,2,0,Inkalamu,Cipampa,0,       Male,       Female,       Primary,Secondary,Primary,15000,Gently sloping,Clay,Good,Individual,Serious,Low vegetation cover,Strip cropping,75,Increasing,1,3,3,1.5,No,10,No,No,No,No,No,,No,No,No,No,3,Local,,0,,Not sold,,Consumption,0,0.1,0.1
228,1,1,0,Inkalamu,Cipampa,0,       Female,       Female,       None,None,Primary,8000,Gently sloping,Sandy clay,Good,Individual,Minor,Low vegetation cover,Tree planting,50,Increasing,1,0.5,0.5,2,No,3,No,No,No,No,No,2,No,No,No,No,4,Local,Rosecoco,0,,Not sold,,Consumption,0,0.1,0.1
229,0,0,0,Inkalamu,Cipampa,0,       Female,       Female,       Primary,None,Primary,70000,Gently sloping,Clay,Good,Individual,Minor,Low vegetation cover,Tree planting,75,Increasing,5,0,0,0,,0,,,,,,1,Yes,Yes,No,No,,,,,,,,None,,,
230,2,1.58,0,Inkalamu,Cipampa,0,       Male,       Male,       Primary,Primary,Primary,30000,Flat,Clay,Good,Individual,Serious,Low vegetation cover,Strip cropping,100,Increasing,2,1,1,3,No,2.5,No,No,No,No,No,0,No,No,No,No,3,Local,Rosecoco,0,0,Not sold,Not sold,Consumption,0,2,2
231,1,1,0,Inkalamu,Cipampa,0,       Male,       Female,       None,None,Primary,30000,Flat,Clay,Good,Individual,Serious,Low vegetation cover,Tree planting,66,Increasing,2,1.5,1.5,2,No,5,No,No,No,No,No,1.5,No,No,No,No,6,Local,,0,,Not sold,,Consumption,0,0.2,0.2
232,2,0,0,Inkalamu,Cipampa,0,       Male,       Male,       None,None,Primary,3000,Gently sloping,Clay,Fair,Individual,Very serious,Sheet erosion,Tree planting,60,Decreasing,1,4,2,15,,10.5,,,,,,1,No,No,No,No,,,,,,,,None,,,
233,1,0.72,0,Inkalamu,Cipampa,0,       Female,       Female,       None,None,Primary,3000,Gently sloping,Clay,Fair,Individual,Serious,Sheet erosion,Intercropping,50,Decreasing,4,30,4,8,No,42,No,No,No,No,No,,No,No,No,No,4,Local,Rosecoco,0,0,Not sold,Not sold,Consumption,0,0.25,0.25
234,3,0.37,0,Inkalamu,Cipampa,0,       Female,       Female,       None,None,Primary,3000,Gently sloping,Clay,Fair,Individual,Negligible,Sheet erosion,Intercropping,100,Decreasing,3,0,0,0,No,0,No,No,No,No,No,,No,No,No,No,0,Local,Rosecoco,0,0,,,Consumption,0,0.5,0.5
235,3,2.55,0,Inkalamu,Cipampa,0,       Male,       Female,       Primary,Primary,Primary,15000,Gently sloping,Clay,Good,Individual,Serious,Sheet erosion,Intercropping,100,Increasing,2,24,5,14,No,14.33,No,No,No,No,No,1.5,No,Yes,Yes,No,16,PH1 Paner,Rosecoco,0,0,Not sold,Not sold,Consumption,0,1,1
236,6,0.36,0,Inkalamu,Cipampa,1,       Male,       Female,       College,College,Primary,30000,Gently sloping,Clay,Good,Individual,Serious,Sheet erosion,Intercropping,75,Constant,2,28,8,46,No,13.67,No,No,No,No,No,1.5,No,Yes,Yes,No,36,Local,Rosecoco,0,0,Not sold,Not sold,Consumption,0,1,1
237,2,3.08,128,Inkalamu,Cipampa,0,       Male,       Male,       Primary,Primary,Primary,15000,Gently sloping,Clay,Good,Individual,Negligible,Shallow gullies,Intercropping,100,Increasing,2,20,7,20,Yes,23.5,No,No,No,No,No,1.5,No,No,No,No,5,H512,Rosecoco,0,1600,Not sold,General cereals traders,Business,2,2,2
238,2,1.45,0,Inkalamu,Cipampa,0,       Male,       Female,       Primary,Primary,Primary,8000,Gently sloping,Clay,Good,Individual,Minor,Sheet erosion,Other specified,0,,2,7,2,4,,6.5,,,,,,2.5,No,No,No,No,5,Local,,0,,Not sold,,Consumption,0,2,2
239,8,0,0,Inkalamu,Cipampa,1,       Male,       Male,       Secondary,       Secondary,None,,Gently sloping,Clay,Fair,Individual,Minor,Sheet erosion,ridging,75,Decreasing,6,42,28,60,Yes,16.25,,,,,,3,No,Yes,Yes,No,,,,,,,,None,,,
240,3,0.83,0,Inkalamu,Cipampa,0,       Male,       Male,       None,None,Primary,3000,Gently sloping,Clay,Good,Individual,Serious,Sheet erosion,Intercropping,60,Increasing,2,14,5,30,No,16.33,No,No,No,No,No,,No,Yes,Yes,No,4,Local,Rosecoco,0,,Not sold,,Consumption,0,120,2
241,2,0.95,850,Inkalamu,Icipele,3,       Male,       Female,       Primary,Primary,Secondary,15000,Flat,Clay,Good,Individual,Minor,Bare soil,Strip cropping,75,Increasing,0,0,0,48,Yes,24,Yes,No,No,No,No,,No,No,Yes,Yes,28,Local,Nyayo,500,2000,General cereals traders,General cereals traders,Business,3,3,3
242,3,0.9,800,Inkalamu,Icipele,1,       Male,       Male,       Primary,Primary,Primary,15000,Flat,Clay,Good,Individual,Minor,Low vegetation cover,Strip cropping,100,Decreasing,0,0,0,0,Yes,0,No,No,No,No,No,,No,No,Yes,Yes,4,Local,Nyayo,500,2000,,,Business,3,3,3
243,4,0.63,800,Inkalamu,Icipele,0,       Male,       Male,       Primary,Primary,Primary,70000,Gently sloping,Clay,Good,Individual,Serious,Others specified,Intercropping,100,Increasing,0,0,0,350,No,87.5,No,No,No,No,No,,No,,Yes,Yes,18,Local,Nyayo,800,2000,General cereals traders,General cereals traders,Business,3,,
244,9,0.24,0,Inkalamu,Icipele,0,       Male,       Male,       Primary,Primary,Primary,,Gently sloping,Clay,Good,Communal,Minor,Shallow gullies,Grass strips,75,Increasing,0,0,0,0,Yes,0,No,No,No,No,No,,No,,No,No,21,Local,Nyayo,0,0,Not sold,Not sold,Consumption,0,3,3
245,6,0.35,33.33,Inkalamu,Icipele,0,       Male,       Male,       Primary,Primary,Primary,30000,Gently sloping,Clay,Good,Communal,Minor,Shallow gullies,Grass strips,100,Increasing,0,0,0,0,No,0,No,No,Yes,No,No,,No,No,Yes,Yes,16,Local,Nyayo,0,2000,Not sold,General cereals traders,Business,3,3,3
246,1,3.75,2025,Inkalamu,Icipele,0,       Male,       Male,       Primary,Primary,Primary,30000,Gently sloping,Clay,Good,Individual,Serious,Low vegetation cover,Grass strips,100,Increasing,0,0,0,0,No,0,No,No,No,No,No,,No,,No,No,18,Local,Nyayo,500,800,General cereals traders,General cereals traders,Business,3,3,3
247,1.8,1.94,41.67,Inkalamu,Icipele,0,       Male,       Female,       Primary,Primary,Primary,15000,Flat,Clay,Good,Individual,Serious,Low vegetation cover,Intercropping,60,Increasing,0,0,0,0,No,0,No,No,No,No,No,,No,No,,Yes,6,Local,Nyayo,0,2000,Not sold,General cereals traders,Business,3,3,3
248,5.25,0.34,34.38,Inkalamu,Icipele,0,       Male,       Male,       Secondary,Secondary,Primary,15000,Flat,Clay,Good,Individual,Serious,Low vegetation cover,Tree planting,75,Increasing,0,0,0,0,No,0,No,No,No,No,No,,No,No,No,No,30,Local,"Royal, Canadian wonder",500,2000,General cereals traders,General cereals traders,Business,6,6,6
249,0,1.75,666.67,Inkalamu,Icipele,8,       Male,       Male,       Secondary,Secondary,Secondary,30000,Gently sloping,Clay,Good,Individual,Negligible,Shallow gullies,Tree planting,100,Decreasing,0,0,0,0,No,0,No,No,No,No,No,,No,,No,No,21,Local,Nyayo,0,2000,Not sold,General cereals traders,Business,3,3,3
250,4,1.13,750,Inkalamu,Icipele,2,       Male,       Female,       Primary,Primary,Primary,150000,Flat,Clay,Good,Individual,Minor,Shallow gullies,Grass strips,60,Increasing,0,0,0,0,Yes,0,No,No,No,Yes,No,,No,Yes,Yes,Yes,48,Local,Nyayo,500,2000,General cereals traders,General cereals traders,Business,3,1,3
251,6,0.22,133.33,Inkalamu,Icipele,1,       Female,       Female,       Primary,Primary,Secondary,15000,Gently sloping,Clay,Good,Individual,Minor,Shallow gullies,Tree planting,60,Increasing,0,0,0,0,No,0,,No,No,Yes,No,,No,Yes,Yes,Yes,21,Local,Nyayo,500,1000,General cereals traders,General cereals traders,Business,3,2,3
252,6,0.67,333.33,Inkalamu,Icipele,1,       Female,       Female,       Primary,Primary,Primary,30000,Gently sloping,Clay,Good,Individual,Negligible,Shallow gullies,Grass strips,100,Decreasing,0,0,0,0,No,0,,No,No,Yes,No,,No,No,No,No,2,Local,Nyayo,0,2000,Not sold,General cereals traders,Business,3,3,4
253,5,0.76,240,Inkalamu,Icipele,0,       Male,       Male,       Primary,Primary,Primary,15000,Flat,Clay,Good,Individual,Minor,Shallow gullies,Tree planting,75,Decreasing,0,0,0,0,No,0,No,No,No,No,No,,No,,No,No,18,Local,Nyayo,0,2000,Not sold,General cereals traders,Business,3,3,5
254,15,0.1,42.86,Inkalamu,Icipele,0,       Male,       Male,       None,None,Primary,30000,Gently sloping,Clay,Good,Individual,Serious,Deep gullies,Terracing,75,Increasing,0,0,0,0,No,0,No,No,No,Yes,No,,Yes,,Yes,,20,Local,Nyayo,500,2000,General cereals traders,General cereals traders,Business,3,3,3
255,6,0.67,666.67,Inkalamu,Icipele,0,       Male,       Male,       Secondary,Secondary,Primary,30000,Flat,Clay,Good,Individual,Minor,Shallow gullies,Tree planting,60,Increasing,0,0,0,0,No,0,No,No,No,No,No,,No,No,No,No,14,Local,Rosecoco,0,2000,Not sold,General cereals traders,Business,6,6,6
256,5,0.24,64,Inkalamu,Icipele,0,       Male,       Female,       Secondary,Secondary,Primary,8000,Flat,Clay,Good,Individual,Minor,Low vegetation cover,Intercropping,75,Increasing,0,0,0,0,No,0,No,No,Yes,No,,,No,No,No,No,21,Local,Nyayo,0,1600,Not sold,General cereals traders,Business,3,6,3
257,4.2,0.98,119.57,Inkalamu,Icipele,0,       Male,       Male,       Secondary,Primary,Primary,30000,Flat,Clay,Good,Individual,Negligible,Shallow gullies,Tree planting,60,Decreasing,0,0,0,0,No,0,No,No,No,No,No,,No,No,No,No,12,Local,Nyayo,500,1000,General cereals traders,General cereals traders,Business,3,3,3
258,6.75,0.56,55.56,Inkalamu,Icipele,0,       Male,       Female,       Secondary,Secondary,Primary,15000,Flat,Clay,Good,Individual,Very serious,Low vegetation cover,Tree planting,75,Increasing,0,0,0,0,No,0,No,No,No,Yes,No,,No,,No,No,40,Local,Nyayo,0,2000,Not sold,General cereals traders,Business,4,3,4
259,4,0.13,250,Inkalamu,Icipele,2,       Female,       Female,       Primary,Primary,Primary,150000,Flat,Sandy clay,,,Serious,Low vegetation cover,Tree planting,100,Decreasing,0,0,0,0,No,0,No,No,No,Yes,No,,No,No,Yes,Yes,18,Local,Nyayo,0,2000,,General cereals traders,Business,4,4,4
260,5,0.34,520,Inkalamu,Icipele,0,       Male,       Female,       Primary,Primary,Secondary,30000,Flat,Clay,Good,Individual,Negligible,Shallow gullies,Tree planting,100,Decreasing,0,0,0,0,No,0,No,No,No,Yes,No,,No,,No,No,18,Local,Rosecoco,1200,2000,General cereals traders,General cereals traders,Business,6,4,5
261,6,0.42,333.33,Inkalamu,Icipele,0,       Male,       Female,       Primary,Secondary,None,15000,Flat,Clay,Good,Individual,Minor,Shallow gullies,Grass strips,40,Increasing,0,0,0,0,No,0,No,No,No,No,No,,No,Yes,Yes,Yes,21,Local,Rosecoco,0,2000,Not sold,General cereals traders,Business,4,4,4
262,6,0.7,200,Inkalamu,Icipele,0,       Male,       Male,       Secondary,Secondary,Primary,70000,Flat,Clay,Good,Stateland,Negligible,Shallow gullies,Tree planting,80,Decreasing,0,0,0,0,No,0,No,No,Yes,No,No,,No,No,No,No,36,Local,Nyayo,0,2000,Not sold,General cereals traders,Business,3,3,4
264,6,0.08,45.33,Inkalamu,Icipele,0,       Male,       Female,       Secondary,Secondary,Primary,15000,Flat,Clay,Good,Individual,Serious,Low vegetation cover,Tree planting,100,Increasing,0,0,0,0,No,0,No,No,No,No,4,,No,No,No,No,24,Local,Rosecoco,0,1600,Not sold,General cereals traders,Business,0,3,3
265,6,0.08,69.33,Inkalamu,Icipele,0,       Male,       Male,       Secondary,Secondary,Primary,15000,Flat,Clay,Very good,Individual,Serious,Low vegetation cover,Tree planting,100,Increasing,0,0,0,0,No,0,No,No,No,No,No,,No,No,No,No,2,Local,"Royal, Canadian wonder",480,1600,General cereals traders,General cereals traders,Business,0.2,3,3
266,4,0.8,0,Inkalamu,Icipele,0,       Male,       Female,       Secondary,Secondary,Primary,150000,Flat,Most sand,,Individual,Negligible,Shallow gullies,Tree planting,100,Decreasing,0,0,0,0,No,0,No,No,No,No,No,,No,No,No,No,4,Local,Rosecoco,0,0,Not sold,Not sold,Consumption,0,3,3
267,5,0.4,96,Inkalamu,Icipele,0,       Male,       Female,       Secondary,Secondary,Primary,15000,Flat,Clay,Good,Individual,Serious,Low vegetation cover,Intercropping,100,Increasing,0,0,0,0,No,0,No,No,No,No,No,,No,No,No,No,12,Local,"Royal, Canadian wonder",0,1600,Not sold,General cereals traders,Business,6,6,6
268,3,0.2,40,Inkalamu,Icipele,0,       Male,       Female,       Primary,Primary,Primary,30000,Flat,Clay,Good,Individual,Minor,Sheet erosion,Tree planting,100,Decreasing,0,0,0,0,No,0,,No,No,No,No,,No,,No,No,1,Local,Nyayo,0,1200,Not sold,Friends,Business,0,3,3
269,3,0.43,160,Inkalamu,Icipele,0,       Female,       Female,       Primary,Primary,Primary,30000,Flat,Clay,Good,Individual,Serious,Low vegetation cover,Intercropping,100,Increasing,4,0,12,36,No,16,No,No,No,No,No,1,No,No,No,No,6,Local,Rosecoco,0,1600,Not sold,General cereals traders,Business,6,6,6
270,5,0.26,108,Inkalamu,Icipele,0,       Male,       Male,       Primary,Primary,Primary,70000,Flat,Clay,Good,Individual,Negligible,Shallow gullies,Grass strips,100,Decreasing,0,0,0,0,Yes,0,,No,No,Yes,No,,No,No,No,No,3,Local,Nyayo,0,1800,Not sold,General cereals traders,Business,3,3,3
271,3,0.63,440,Inkalamu,Icipele,0,       Female,       Female,       None,None,Primary,15000,Gently sloping,Clay,Good,Individual,Serious,Sheet erosion,Grass strips,100,Decreasing,0,0,0,0,No,0,,No,,Yes,No,,No,,No,No,5,Local,Nyayo,400,1800,Friends,General cereals traders,Business,2,4,4
272,3,0.5,0,Inkalamu,Icipele,4,       Male,       Female,       Primary,Primary,Primary,15000,Flat,Clay,Good,Individual,Minor,Shallow gullies,Grass strips,100,Increasing,0,0,0,0,No,0,No,No,No,No,,,No,No,No,No,3,Local,Rosecoco,0,0,Not sold,Not sold,Consumption,0,4,4
273,5,0.6,500,Inkalamu,Icipele,0,       Male,       Female,       Primary,College,Secondary,15000,Flat,Clay,Good,Individual,Serious,Low vegetation cover,Tree planting,100,Increasing,0,0,0,0,No,0,No,No,No,Yes,No,,No,,,Yes,21,Local,Nyayo,800,1000,General cereals traders,General cereals traders,Business,3,,
274,5,0.5,400,Inkalamu,Icipele,0,       Male,       Male,       Primary,Primary,Primary,30000,Flat,Clay,Good,Individual,Serious,Low vegetation cover,Intercropping,100,Decreasing,0,0,0,0,No,0,,,No,No,No,,No,No,No,No,15,Local,Rosecoco,600,1600,General cereals traders,General cereals traders,Business,5,5,5
275,4,0.63,500,Inkalamu,Icipele,0,       Male,       Female,       Primary,Primary,Primary,15000,Flat,Clay,Good,Individual,Serious,Sheet erosion,Grass strips,100,Increasing,0,0,0,0,No,0,No,No,No,No,No,,No,No,No,No,21,Local,Nyayo,0,2000,Not sold,General cereals traders,Business,3,3,4
276,3,1.33,0,Inkalamu,Icipele,0,       Male,       Female,       Primary,Primary,Primary,30000,Gently sloping,Clay,Fair,Individual,Minor,Shallow gullies,Grass strips,75,Decreasing,0,0,0,0,No,0,,No,No,No,No,,No,No,No,No,24,Local,,0,0,Not sold,Not sold,Consumption,0,3,4
277,5,0.3,200,Inkalamu,Icipele,0,       Male,       Male,       Secondary,Secondary,Primary,80000,Flat,Clay,Good,Individual,Serious,Low vegetation cover,None,100,Increasing,0,0,0,0,No,0,No,No,No,No,No,,No,No,No,No,18,Local,Nyayo,0,2000,Not sold,General cereals traders,Business,3,3,4
278,7,0.57,0,Inkalamu,Icipele,0,       Male,       Male,       College,College,Primary,70000,Flat,Clay,Good,Individual,Serious,Low vegetation cover,Grass strips,100,Increasing,0,0,0,0,No,0,,No,No,No,No,,No,No,Yes,No,98,Local,,0,,Not sold,,Consumption,3,3,3
280,7,0.49,200,Inkalamu,Icipele,0,       Male,       Male,       Primary,Primary,Primary,15000,Flat,Clay,Good,Individual,Minor,Low vegetation cover,Tree planting,100,Increasing,0,0,0,0,No,0,No,No,No,No,No,,No,No,Yes,Yes,14,Local,Nyayo,0,2000,Not sold,General cereals traders,Business,3,4,4
281,5,0.7,0,Inkalamu,Cipampa,2,       Female,       Female,       Primary,Primary,Primary,30000,Gently sloping,Loam,Good,Individual,Negligible,Shallow gullies,Grass strips,,Decreasing,1,0,0,0,No,0,No,No,No,No,No,,No,No,No,,3,Local,,,,,,Consumption,2,2,2
282,9,0.56,435.56,Inkalamu,Cipampa,1,       Male,       Male,       Primary,Primary,Primary,70000,Gently sloping,Loam,Very good,Individual,Minor,Sheet erosion,Grass strips,,Decreasing,5,13,13,45,Yes,7.89,No,No,No,Yes,No,,No,No,No,No,2,Local,Nyayo,480,2000,Friends,Others,Business,0,2.5,2.5
284,1.9,3.16,0,Inkalamu,Cipampa,0,       Male,       Female,       Primary,Primary,Primary,15000,Gently sloping,Loam,Good,Individual,Serious,Sheet erosion,None,100,Decreasing,6,4,9,46,No,31.05,No,No,No,No,No,,No,No,No,No,1,Local,Nyayo,0,,Not sold,,Consumption,3,3,3
285,1.95,3.33,0,Inkalamu,Cipampa,0,       Male,       Female,       Primary,Primary,Primary,70000,Gently sloping,Loam,Good,Individual,Minor,Sheet erosion,Grass strips,80,Decreasing,2,6,4,24,No,17.44,No,No,No,No,No,,No,,,,5,Local,,0,,Not sold,,Consumption,3.5,3.5,3.5
286,1,1,0,Inkalamu,Cipampa,0,       Male,       Male,       Primary,Primary,Primary,8000,Gently sloping,Loam,Good,Individual,Serious,Others specified,Tree planting,75,Increasing,3,0,0,0,Yes,0,,,,,,,No,,Yes,,0.5,PH1 Paner,,0,,Not sold,,Consumption,0,2,2
287,10,1.1,1200,Inkalamu,Cipampa,0,       Male,       Female,       Primary,Secondary,Primary,30000,Gently sloping,Loam,Good,Individual,Minor,Sheet erosion,Intercropping,50,Increasing,6,7,5,175,No,18.7,No,No,No,No,No,,No,Yes,,,12,"H513, H511",Nyayo,1000,2000,Others,Others,Business,2.5,2.5,2.5
288,1.2,5.83,2333.33,Inkalamu,Cipampa,2,       Female,       Female,       Primary,Primary,Primary,15000,Gently sloping,Loam,Good,Individual,Minor,Sheet erosion,Grass strips,100,Decreasing,4,2,2,2,No,5,No,No,No,No,No,,No,No,,,3,Local,Nyayo,400,,Others,,Business,3,3,3
289,3.5,2,880,Inkalamu,Cipampa,0,       Male,       Female,       Primary,Primary,Primary,8000,Gently sloping,Loam,Good,Individual,Serious,Sheet erosion,Grass strips,50,Increasing,7,4,4,0,No,2.29,No,No,No,No,No,,No,,Yes,,3,Local,,440,,Others,,Business,5,2.5,2.5
290,3.5,1.77,921.14,Inkalamu,Cipampa,0,       Male,       Female,       Primary,Primary,Primary,15000,Steep slope,Sandy clay,Good,Individual,Minor,Sheet erosion,Grass strips,75,Increasing,5,3,2,0,No,1.43,No,No,No,No,No,,No,,,,5,Local,,520,,Others,,Business,5,2.5,2.5
291,3.5,0.57,0,Inkalamu,Cipampa,0,       Male,       Male,       Primary,Primary,Primary,8000,Gently sloping,Loam,Good,Individual,Minor,Sheet erosion,Tree planting,100,Decreasing,2,0,0,0,No,0,No,No,No,No,No,,No,No,No,No,4,Local,,0,,Not sold,,Consumption,0,2,2
292,2.5,0.32,128,Inkalamu,Cipampa,0,       Female,       Female,       None,None,Primary,8000,Steep slope,Most sand,Fair,Individual,Minor,Sheet erosion,Tree planting,25,Decreasing,5,3,3,42,Yes,19.2,No,No,No,No,No,,No,,No,No,1,Local,"Royal, Canadian wonder",0,1600,Not sold,Friends,Business,0,1.2,1.2
293,2.7,2.96,1348.15,Inkalamu,Cipampa,0,       Female,       Female,       Primary,Primary,Primary,3000,Steep slope,Sandy clay,Fair,Individual,Negligible,Sheet erosion,Intercropping,30,Decreasing,3,2,2,48,,19.26,,,,,,,No,,No,No,3,Local,Nyayo,520,0,Others,Not sold,Business,1.5,1.5,1.5
294,4,0,0,Inkalamu,Cipampa,3,       Male,       Female,       Secondary,College,None,150000,Flat,Loam,Good,Individual,Serious,Bare soil,None,100,Increasing,6,7,6,37,,12.5,,,No,,,,Yes,Yes,No,No,0,Local,,,,,,None,,,
296,8,0,0,Inkalamu,Cipampa,12,       Male,       Female,       Primary,Primary,Primary,150000,Gently sloping,Loam,Good,Individual,Serious,Sheet erosion,Grass strips,6,Increasing,2,11,7,220,,29.75,,,,,,,No,Yes,Yes,,0,,,,0,,,None,,2,2
297,2,1.5,0,Inkalamu,Cipampa,1,       Male,       Female,       Primary,Primary,Primary,70000,Steep slope,Sandy rocky,Good,Communal,Serious,Sheet erosion,Grass strips,8,Decreasing,1,7,7,140,No,77,No,No,No,No,No,,No,,No,No,3,Local,,0,,Not sold,,Consumption,0,3,3
298,1,2.75,1200,Inkalamu,Cipampa,0,       Male,       Female,       Primary,Primary,Primary,15000,Gently sloping,Loam,Good,Individual,Serious,Bare soil,Grass strips,100,Decreasing,6,9,3,31,Yes,43,No,No,No,No,No,,No,No,No,No,2,Local,"Royal, Canadian wonder",0,1600,Not sold,Others,Business,3.5,3.5,3.05
299,0,0.1,0,Inkalamu,Cipampa,1,       Male,       Female,       None,None,Primary,8000,Steep slope,Sandy clay,Good,Individual,Negligible,Sheet erosion,Terracing,20,Decreasing,0,0,0,0,No,0,No,No,No,No,No,,No,,No,No,6,Local,,0,,Not sold,,Consumption,0,3.5,3.5
300,3,0.03,0,Inkalamu,Cipampa,1,       Male,       Female,       Primary,Primary,Primary,15000,Steep slope,Sandy rocky,Good,Individual,Negligible,Sheet erosion,Grass strips,10,Decreasing,7,5,5,136,No,48.67,No,No,No,No,No,,Yes,,Yes,No,0.1,Local,Nyayo,0,0,Not sold,,Consumption,0,4,4
301,2,0.7,0,Inkalamu,Cipampa,0,       Male,       Female,       Primary,Primary,Primary,8000,Steep slope,Loam,Good,Individual,Serious,Sheet erosion,Grass strips,20,Decreasing,3,4,3,34,No,20.5,No,No,No,No,No,,No,,No,No,7,Local,,0,,Not sold,,Consumption,0,4.5,4.5
302,1,2,0,Inkalamu,Cipampa,0,       Male,       Female,       Primary,Primary,Primary,,Steep slope,Sandy rocky,Good,Individual,Serious,Sheet erosion,Grass strips,30,Increasing,3,6,5,56,Yes,67,No,No,No,No,No,,No,Yes,Yes,No,10,Local,Nyayo,0,,Not sold,,Consumption,0,3.5,3.5
303,23,0,0,Inkalamu,Cipampa,10,       Male,       Female,       None,Primary,Primary,200000,Steep slope,Loam,Good,Individual,Negligible,Shallow gullies,Fallowing,25,Decreasing,6,21,17,170,Yes,9.04,No,No,No,No,No,,No,No,Yes,,0,H614,,0,,,,None,0,6,6
304,1.5,2.47,0,Inkalamu,Cipampa,0,       Female,       Female,       None,None,Primary,3000,Steep slope,Loam,Good,Individual,Serious,Sheet erosion,Grass strips,7,Increasing,1,3,2,45,No,33.33,No,No,No,No,No,,No,,No,No,4,Local,,0,,Not sold,,Consumption,0,5,5
305,1.5,1.8,0,Inkalamu,Cipampa,0,       Male,       Female,       Primary,Primary,Primary,8000,Steep slope,Loam,Good,Communal,Serious,Sheet erosion,Grass strips,20,Decreasing,3,2,2,30,Yes,22.67,No,No,No,No,No,,No,,No,No,2,Local,,0,,Not sold,,Consumption,0,5.5,5.5
306,3,2.93,0,Inkalamu,Cipampa,1,       Male,       Female,       None,Primary,Primary,3000,Steep slope,Loam,Good,Individual,Serious,Sheet erosion,Grass strips,4,Decreasing,4,8,4,105,Yes,39,No,No,No,No,No,,No,,No,No,2,Local,"Royal, Canadian wonder",0,0,Not sold,Not sold,Consumption,0,5.5,5.5
307,1,2.5,400,Inkalamu,Cipampa,0,       Male,       Female,       None,Primary,Primary,8000,Steep slope,Loam,Good,Stateland,Negligible,Sheet erosion,Grass strips,10,Decreasing,2,2,2,48,Yes,52,No,No,No,No,No,,No,,No,No,3,Local,"Royal, Canadian wonder",0,2000,Not sold,Friends,Business,0,6,6
308,1.5,5.33,0,Inkalamu,Cipampa,0,       Male,       Female,       Primary,Primary,Primary,3000,Steep slope,Loam,Good,Individual,Serious,Others specified,Grass strips,100,Increasing,4,5,2,0,Yes,4.67,Yes,No,No,No,No,,No,No,No,No,2,Local,,0,,Not sold,,Consumption,0,6.3,6.3
309,1.5,2,0,Inkalamu,Cipampa,0,       Male,       Female,       Primary,Primary,Primary,8000,Steep slope,Loam,Good,Communal,Negligible,Sheet erosion,Grass strips,50,Decreasing,1,42,21,0,Yes,42,No,No,No,No,No,,No,,No,No,2,Local,,0,,Not sold,,Consumption,0,6.7,6.7
310,2,1.5,780,Inkalamu,Cipampa,0,       Male,       Female,       None,None,Primary,15000,Steep slope,Loam,Good,Individual,None,Deep gullies,Grass strips,26,Increasing,2,11,10,0,Yes,10.5,No,No,No,No,No,,No,,No,No,5,Local,Nyayo,520,0,Not sold,,Business,0,6.5,6.5
